,BPA_Load_sim,SDGE_Load_sim,SCE_Load_sim,PGEV_Load_sim,PGEB_Load_sim
0,8181.64066177907,3045.5966222740517,13450.216369149653,7111.816980425118,5605.321863929117
1,7665.566295932984,3009.284153013416,13662.28133926464,7011.295175017209,6173.526377534298
2,7625.163216655527,2993.997890491792,13234.352270267187,7152.925496241158,6313.771081414771
3,7707.915999245056,3201.7089702188487,13758.229292662167,7576.534059113844,6120.094026374209
4,8014.889098376728,3105.058420993852,13303.636915537949,7285.440579782683,5613.988212591385
5,7205.981838570009,3001.5686399252595,12741.207976818983,6786.175646507733,5505.9914216218
6,6681.156924113448,3140.0841481302054,12514.077932793283,6571.730992232707,5635.054807616772
7,8743.304283015254,3236.2977726110453,13749.548134480123,7726.512774896285,6117.0533197014865
8,8417.142344841808,2915.391013914442,12737.491966676997,7018.723231722039,5693.505194771457
9,7918.617774297336,2918.4883908797415,12499.490847544648,7054.821150601069,5750.458166686411
10,8088.221333972589,2780.0980474875896,13106.879612091154,7625.11531592549,5920.29606870309
11,7580.18944900694,2778.467153885054,13455.428328084337,7758.393114077011,5877.346265621257
12,6840.716234750066,2636.397889019436,11856.678363494617,6715.869231215277,5464.416590810378
13,7442.729723326324,2755.7145061164315,11997.244067778238,7042.815683591854,5702.332223283763
14,8648.794450649115,2857.3779170287157,13037.84863413637,6566.364928631003,6000.527785367198
15,8071.416385349004,3048.821149316903,13868.038750133868,6915.600461256713,5952.726909219241
16,6875.205081175276,2900.053599514862,13212.461526534144,6738.60335849473,5895.238247941573
17,7795.2492515629765,2889.452300905353,12943.061620272081,7087.5909103289305,5763.380920219853
18,7759.990694177415,2809.048646464171,12490.46753308449,7016.841010844827,5523.699894375681
19,6847.256207290644,2777.634203505193,10809.392804435294,6464.7912450976755,5147.026863673299
20,7811.4644290331335,2992.4806276624468,12276.08952239924,6977.700619321731,5103.996699912928
21,8611.206443623265,3037.5667449515445,13596.590438446208,7491.348485339907,6012.382842962227
22,7931.58913224435,2930.4553061034185,12353.9624236932,7151.774962461373,5733.9251207491125
23,8840.398458604448,3147.4875038031983,13652.604958580094,7877.182094380061,5996.459748180617
24,8276.602907594715,3120.9927001851784,12773.162413231534,7611.161242071197,5574.51745778137
25,7512.246238198223,2887.2065960807654,11943.240393606866,7315.023483630954,5845.947626935313
26,6961.592894236093,2694.8143561233283,10933.586212596894,6791.37661333318,5204.948450780117
27,6928.579094225122,2823.657920192961,10989.62813904462,6738.89411970578,5660.494639097381
28,7191.839504523131,2977.1548129217244,12453.90578583482,7428.078796296664,6381.176070392075
29,6417.53027690735,2940.8671947999505,13002.151423703492,7668.073119123878,6319.961287843146
30,6656.97570438272,2874.2195071654623,13093.318375241874,7012.620762284763,5989.181860838235
31,6988.947703269233,2974.7063730826108,12474.552802743247,7035.454285577306,6167.775526281011
32,6920.987734613993,2881.8669344952614,12541.821024560159,7334.26240161441,5951.808982838527
33,5962.702920486159,2627.9039325751332,11629.861215630435,7012.096680994961,5277.084914604638
34,6076.670834195159,2905.622445063289,12409.718347420263,6279.029980214492,5329.161810307157
35,6238.5969432535185,2928.1168567541963,12420.057211282066,6759.547706454358,6043.431640607088
36,6460.670146101291,2787.911565487928,13066.852440046136,6872.252238234364,5874.580794616015
37,6599.554008966667,2821.8648641414297,12302.025293482136,7008.390451114972,5643.8079392262
38,7266.979077597596,2724.017710450796,10702.30664112345,6036.767286050743,5650.363836257253
39,8190.46355414462,2974.387522380904,12284.566189688225,7272.801907563365,5743.0607196311075
40,7815.5093494349685,2647.2734874469297,10815.351881148734,7178.015901245572,4857.571109938077
41,7840.66299910868,2697.0058005605783,10949.320167297585,6759.485702361407,5447.397847195136
42,7669.280391794382,2832.875065665146,13117.538847309168,7008.403645332406,6000.188826004758
43,8037.657542245727,2639.7944194827232,12076.517905380953,6413.979935626383,5816.3675622658875
44,8542.22668516813,2747.6428070131856,13104.534027005035,7198.479106104032,5860.031595216047
45,8217.573451030517,2764.65014461672,13273.28975645267,7363.486277919738,5842.922512700641
46,7242.454572522317,2697.6287005287063,12454.831445778367,6776.150313182165,5494.940198513037
47,7186.175325502556,2433.3865293906597,11189.387548750192,6754.125675596931,5129.489590652506
48,6877.053526577092,2687.671001144756,11969.151768225483,7070.483155524611,5383.242134652974
49,8289.409962391557,2885.4621227425887,13798.672464397334,7930.839564572336,6334.049923030709
50,7859.750599659287,2968.247842059335,13664.677142907207,7997.145847368573,6425.2568162367725
51,7760.320840339988,2919.923940635224,13876.084886516925,7513.389568197792,5778.5813285236745
52,8119.588867205932,2890.6166181029234,13720.943059704414,7504.556147187803,5566.77620149005
53,7841.238581622891,2874.4279088094645,13118.07704909134,7153.2362165231525,5487.334128068013
54,7258.897238336298,2718.9749211220924,11126.63478520387,6803.395907373065,5475.682414498297
55,6994.462640250043,2709.8531694435874,11096.477738783497,6438.769546702146,5171.327743663939
56,7453.625174076571,2657.8317797906902,11520.847818587677,6103.197935056672,5347.791923130779
57,7151.810932441214,2770.1865852841916,11966.880246533568,7155.895432923637,5419.001807965941
58,7104.714185160102,2779.2222848328133,11738.877884447546,7056.450932833143,5619.383427465972
59,7447.488226159723,2651.482603655794,11636.886912023454,7099.939203756495,5763.133097879698
60,8112.332593537289,2703.940108876936,12276.048181924645,6941.123070071636,6234.557765564535
61,7544.7784140698,2577.221088188251,11461.134718758325,6829.859255100735,5057.711154423754
62,7506.9643956159025,2417.396421172649,10514.163768990258,6518.71205768536,4847.167465295139
63,8230.517523263088,2529.7839486572134,11444.422003417445,6878.699045664068,5558.927699007587
64,7884.109462104528,2703.0994020975045,12975.881465528291,7499.712377177984,6006.053116131155
65,7958.519586378195,2709.4217487426067,11594.639639279114,6610.8426894495005,5438.660681373603
66,7573.818578592271,2843.505086283449,12041.701873193864,7061.300731230828,5770.800806516918
67,8052.278936102417,2745.851777360212,11671.50693064746,6886.036663903187,5784.60536706815
68,7157.75611609555,2629.035122263006,11202.764071190151,6300.199468500285,5590.489179917258
69,7101.472010318123,2734.487604277348,11201.947999534405,6354.531158403755,5883.543963866123
70,6789.169869468265,2819.2864244610723,12695.436686993333,6265.36125943087,5680.198884632997
71,7049.031257403597,2953.8733148058545,13340.679039551856,6779.629948361218,5819.510876312729
72,6790.064239264966,2594.9168998564983,12567.932353168066,6952.61992085068,5403.007953171663
73,6649.773878537524,2610.1062672941725,12404.03545479201,6830.070835096535,5887.798351604749
74,6919.694392868862,2741.836885875405,11860.855992518662,6964.992906565611,5534.872241569485
75,6787.27866580691,2732.6561588984546,10720.717142519541,6145.925459910394,5365.830774103163
76,7163.753118092256,2995.5862474029113,12142.848041316329,7122.943240922057,5731.378425140325
77,7507.580485932692,2893.228302596746,11309.64115954826,6779.417672838257,5630.879663929644
78,7089.285895834493,2751.4792513031357,12261.436335573226,7681.614401310215,5970.14591215634
79,7228.095567417925,2738.538465583546,12811.798695983241,7461.554128685494,5748.674786765665
80,6577.18055942613,2393.260040247019,12207.12252306341,7147.608847194455,5230.589713522133
81,6892.241040731096,2666.7776294549344,12572.273010907385,7233.352097509306,5742.382322579289
82,6578.7671181407295,2533.3287003496,11327.598774989552,6696.820581696355,5289.547548254795
83,6937.216306001513,2746.8063964040457,12266.676819538305,7000.496968146901,5230.850614855893
84,7452.1352458597485,2749.132695352456,13166.164396524744,7275.516826511183,5334.5247298693785
85,7697.114888477993,2793.4192340150485,13251.540039375523,7765.590416631062,5664.618691984211
86,7293.541172255793,3014.875903295616,14692.283031040119,7951.549937075778,5673.375729838532
87,7173.133450059876,3038.555254373456,13793.633711084962,7756.952255471155,5575.7783856052265
88,7212.550916942608,2810.2108464699163,13056.96759515252,7377.580587070778,5766.308515356881
89,6617.425393318024,2879.2242162096554,13328.57972871422,7549.08514978091,5494.880852611117
90,6797.330250575129,2730.568746690799,12198.089083538756,7062.647556883532,5446.873498869475
91,6785.489149173315,2859.2384904828705,13496.30656402633,7464.055208040791,5650.109324439854
92,6179.997082061241,2763.0759978358983,13952.702588579257,7491.543371359472,5623.28426557161
93,5852.566812083074,2800.400734401088,14440.490174249633,7368.5184318218435,5104.240369337111
94,6374.820666855131,2976.1565770167317,14887.633516059737,7357.774094686884,5187.491497575487
95,5743.010793234513,2770.6651498800816,15071.780707041282,8384.524007779222,5765.007802167306
96,6683.619931260923,2294.6482754234266,12208.906419437611,6704.157424111757,5276.02691549482
97,6991.63133447561,2486.5808343988633,14409.22000186545,7251.9450431943405,5189.980847470321
98,7103.6298697467355,2589.2673714533435,13849.686609931336,7489.080472588084,5109.3080887871265
99,7509.729705320736,2503.7553540952704,13040.731793148248,6980.249182171001,4814.284489674935
100,7057.075089116416,2625.788856289263,13006.201518255364,6756.214692647984,4956.455714301544
101,7183.012068509323,2791.4347944668853,13861.112002198228,6986.94611701408,5484.092931012677
102,6843.451426586353,2978.140857807559,13855.03976234096,7087.828194505153,5831.193459689761
103,6657.942904332712,2653.3750421848245,11759.09206416246,6607.766936611368,5499.757202954603
104,6185.845470570449,2659.0767110540596,12296.312006064121,6249.395555561544,5463.260263065973
105,6173.26950798581,2673.099841215214,13431.928347918376,6799.686032987881,5698.424041743775
106,6493.574151135729,2877.6395797433265,13666.482573635272,6887.788426636842,5770.145278507462
107,6685.572400231086,2872.3200948804592,12803.712291157375,6764.597322675867,6116.1904849736875
108,7204.444631596175,2837.2953609925994,12694.600307618453,7111.819246907885,6155.418468779151
109,7371.362879443555,2742.5675936892617,12242.88254780456,6277.377835534714,5878.862251446259
110,6355.15960076534,2650.224923677035,11273.805867865332,6363.089108980347,5028.4397060406955
111,6296.757187466939,2757.3790594415022,12293.163461522096,6280.847778416666,5192.176795900599
112,6336.2469588593995,3000.466199298674,13872.458044264667,6657.362417026845,6153.684047355558
113,6541.9582417300035,2877.6941021068415,13808.439252018314,6916.330180157415,5877.6650043241125
114,7246.8164160455,2890.8138064732634,14305.226772372836,7106.279171315676,5941.354724930305
115,7442.448296526043,2901.065541338706,13622.193338636811,7787.4812614749935,6012.95205027821
116,7793.707558356432,2832.900888827275,14002.447819786388,8235.840089132096,6007.741459876198
117,6605.007805837223,2588.0424872310978,13319.745932331669,8226.743735607566,5632.70205389109
118,6682.009033443066,3134.955807797615,16205.292563369654,8900.243133322678,6200.390617646264
119,6283.797140207136,3194.428270622673,16041.832717127067,8353.787091562153,6366.063965409828
120,6736.795978624602,3116.429292863471,14868.60251957824,7940.848261736174,5974.835326185062
121,7103.385855734187,2867.0520039907024,13786.363773427769,7624.950747056397,5783.1842472686285
122,6175.0137436946525,2901.164049399427,13740.553452630918,7903.822911184992,5858.604728948525
123,6333.759599919605,2812.8260040635573,13706.789350728974,7692.762583829489,5910.628126407074
124,6078.199533388273,2821.4555318212774,14156.70011082882,8516.354496773993,5232.718499177164
125,5587.217069978875,2537.4211424795435,11190.476568724436,7087.74066609573,4685.217507995331
126,5904.448144158485,2958.0844072430205,13660.088335553755,7397.198306846031,5731.179177515448
127,5942.079540677713,2798.9678470916215,13426.67472125839,7635.978700829502,5375.3320135165495
128,6078.634916487679,3029.8758528856442,13498.894406843514,6999.942962777872,5494.121626381195
129,6418.589984548307,2931.5403719247884,13185.880653014687,6657.8061897428115,5771.024373079965
130,6434.437322509145,2907.1147796043265,13694.398961245806,7618.095000306988,5940.008220937793
131,6358.650473649626,2812.552184578922,12634.025075536809,6728.941055857222,5244.685483476118
132,6340.475123718641,2812.5972678056187,13907.88370205581,8315.567671530309,5507.633734483648
133,6266.850521076806,2966.5109187310777,15367.966477518774,8874.789898020103,5705.481517661455
134,6215.828557927546,3256.6715459120082,17694.97575407495,10228.554599117891,6483.633050404248
135,6134.854136946812,3034.833890346236,15019.020819332616,8570.839944362426,5917.916761493439
136,6080.034888471628,3149.2594792876157,16653.574925256173,9073.162070420383,6315.889585943265
137,7115.4539673301115,2903.7473037931877,16013.643991336132,9119.424590933913,6481.992674166914
138,6342.399486142835,2708.693567341792,13308.439712165138,8161.057154527511,5295.999876244538
139,6514.243964448365,2755.2609391294827,13929.107340397548,8447.905026892626,5258.844025183939
140,6471.279542707869,2765.255023422223,13757.515789351612,7395.055570667061,5537.23293482704
141,6273.589761395826,2690.0899900927548,13653.703125650667,7619.858153674964,5236.115583946206
142,5949.326242634291,2618.312752818795,13346.463545597178,7010.99046910254,5239.9531690072445
143,6483.195108589536,2922.6963338096502,13858.888049933938,7311.823752686689,5736.7317805570865
144,6229.3849382015715,2997.09788101784,14449.448030499789,7831.584975877996,5991.054155385912
145,6032.801520359144,3056.270633363418,14959.10037063256,8129.647077044825,5469.148831748504
146,6107.155300700255,3198.988513260077,17130.153682508055,10189.723069688578,6398.382742241965
147,5995.766332132481,3297.163997634234,17517.59079208757,8803.559529724838,6253.8829226738635
148,5978.59515106548,2956.2424243877967,15052.580980826018,8520.934863333721,5986.560108329934
149,6475.240029220847,2816.5626333214122,13573.272502458012,7463.4819309831555,5526.572374375373
150,7034.931949847682,2759.8402327253707,12830.690352694679,7130.079611287403,5505.75758023894
151,6980.440769939683,2699.419241119266,13181.545491639981,7391.702436283294,5448.312034735454
152,5796.132653400469,2527.3558653082273,13007.19380738356,7693.7971968096645,4879.252220656322
153,5586.9469454339505,2519.3703445567926,13345.865754359607,7336.483909577766,4734.819278088878
154,6153.206159463047,2632.9745842880243,13912.69176827891,8008.481449263323,5067.420295903842
155,6365.355126699544,2697.7692898135724,14380.696522585455,8470.306614735498,5628.0288385011445
156,6286.636436949142,2648.827298583322,13872.413137725754,7907.886131948688,5630.768876218424
157,5707.537913928024,2944.364660969373,14556.611102278295,8405.559996324468,6064.5448215204515
158,5691.052890898727,2738.376813629005,13211.670286663006,7550.789470132454,5424.926772717605
159,5785.471213334429,2569.5443875587853,11973.71671528553,7925.816772921983,5212.862112205257
160,5865.353499981153,2278.8942882623164,10834.335979006299,8671.631568521505,5476.581025299562
161,6509.267431673462,2664.9525370325987,13335.739543523076,9473.453260858316,6339.167325667942
162,6241.111750787818,2872.7571156197437,14101.000021678536,8595.982888684886,5906.609719240715
163,6036.642915612958,2814.9291351274196,13407.786024004816,7065.195630322445,5453.608981645843
164,6078.391283213194,2870.1575900511275,13272.132785935984,6649.093285920889,5588.178149418877
165,6208.944844731586,2864.126369472007,13256.483194190572,7105.505868933348,5895.50247280785
166,5270.25402524754,2672.7340666038062,13686.427112693236,8084.722144374621,6099.508807820772
167,5732.102526172499,2647.719607690518,13988.462360137924,8035.118688685307,5496.577796970712
168,5903.189482679561,2690.8761452790527,14677.651842136745,8060.818639055877,5464.296363248452
169,5791.055646687041,2840.68948021278,16517.079572443097,9172.110878419864,6047.04754870721
170,5915.354467584404,2909.1525636628535,16711.114399947146,9564.405472842323,6842.373331853366
171,6125.913558710572,2986.778378506656,16802.422050087094,9614.205405153367,6464.639106690273
172,6168.754959272229,2685.0346752640744,15008.634271755283,8955.789266612965,5733.225727835088
173,6058.666750057782,2376.325858966129,12720.072713833553,7081.296463544716,5114.448509884441
174,6581.953498767627,2538.1538551608764,12825.317393276311,6957.839523871056,5047.680553901394
175,6970.421486039346,2957.442669043218,16790.6123379141,9640.534447673583,6766.061874285589
176,7161.675600241868,2933.7815927343195,15552.621394126412,8815.654068681559,6275.518929130937
177,6763.891013958716,3143.2367430658137,16968.147667365272,9767.116463513039,6286.416379208143
178,6812.725197052006,2988.3714034435125,16449.433704635663,9023.779075682061,6173.356789003376
179,7214.287916992396,2825.7218514235883,15316.528292339237,9091.84211751623,6146.877209661823
180,6812.752090490934,2463.562216421481,12896.039902647688,8719.081899935913,5266.281857753771
181,6718.188043503665,2786.448706731334,14532.339100147166,9112.520317412067,5735.52852256853
182,6964.450684063634,3368.1071117546976,17667.537119832476,9833.127367252679,6872.241373016107
183,6550.745178606472,3205.2227319174513,17706.2958490497,9777.45654330614,6614.239326218995
184,5965.0414257290695,3074.3441998779267,17458.17525558677,9619.753272946993,6473.537952232182
185,6607.98717859179,3358.23051094971,18990.548716661262,10766.903219229564,7074.165442119786
186,6961.6070135164755,3492.9898082472305,18725.568351590937,10403.670848208754,6767.229516648557
187,6199.932249731601,3329.5482140477216,15839.156942728312,8856.825954446631,6152.267686385585
188,6678.485423160668,3405.099971337802,17263.02698920491,9096.2820733084,6495.9209595119
189,6778.940999937833,3262.781267506153,18262.92069444992,9997.411166862028,7302.792256154782
190,6745.918083698057,3601.783098500847,19056.59732421214,10327.078718545496,7242.300270613214
191,6654.49193746983,3418.1955271046168,17876.98578631147,9411.200734349122,6949.016454945546
192,6733.719151139378,3297.793629515308,17143.59331401901,9744.337544298744,6605.143054109218
193,6547.129745710148,3141.869377695421,16728.77553771562,9932.07879947894,6868.460981547862
194,6349.758364379833,3194.1818547842895,16104.542943537352,9463.076262704397,6573.94567744315
195,6120.687790428623,3151.473451683447,16527.330138971767,9436.322426847004,6339.412214475053
196,6331.576022376729,3005.342709603975,16747.175629275724,9557.214548513362,6612.067837627364
197,6742.06969389,3219.3860291515584,17528.4630208261,9274.667588692537,6575.9639573678505
198,6727.998918218173,3059.893446566795,16154.524610712426,9167.689912340917,6482.5663250547905
199,6549.589498820821,2918.5076600563643,15370.583084916918,9304.375469351497,6697.214956824586
200,6710.499265188714,2936.197199496495,15166.956219598327,9159.251485260715,6605.920187930681
201,6108.372065584159,2825.1534221631373,14783.18269715766,9164.458127889407,6368.9353515944495
202,6672.351527437571,2775.3024029251665,15183.154908619686,10207.121214279752,5846.057877890008
203,6623.791975320564,3131.390277042918,17612.021912700788,10582.642447388247,6731.348423865969
204,7000.5810234730925,3390.844782149931,19285.411056058016,10713.283415634687,7221.008811159355
205,7024.001252534365,3241.1467154573825,18425.410858786447,10558.273902765135,7113.912835635539
206,6484.579169704968,3343.0679387574614,18141.152202133962,9510.818704130099,6665.999912774848
207,6290.590527016827,3463.0568927721524,18507.107934052343,9360.239371392046,6485.546119230134
208,6110.5819299517725,3340.0048272166355,17100.412397851345,8932.118095281056,5861.813991410543
209,6616.020735693309,3470.419855164748,18039.648898562893,10099.630011534773,5954.979855133239
210,6730.609467695137,3871.3581362000273,20227.393558917705,10654.373026432715,6910.467431841246
211,7156.759319590872,3697.7604403414125,19300.199215601293,10627.020751313443,6821.866661100319
212,5844.448478067655,3308.2224430632637,18236.564075513958,10356.936097720281,6993.414943850428
213,6793.593770075612,3384.8237339107336,19185.29182929136,10613.36196628184,7177.3776696145505
214,7789.132592759567,3063.0221190378006,18664.893278839376,11244.210917178047,6860.677580151752
215,5890.257372269093,3003.0079327160233,16243.776826116497,10041.249576684095,6638.206472591494
216,6215.129261665693,3353.878990234371,17604.897134775805,9817.091061993196,6692.663924224455
217,5883.9285233055925,3337.948780175646,17899.389341993043,9566.563695329965,6396.674665021176
218,5973.716698398614,3387.683434276958,17588.027586271917,9308.809531233945,6277.001339249385
219,6594.112506721523,3549.487602889091,18399.6474658479,9190.788833803199,6513.621632620327
220,6603.442273011854,3749.8668050101483,18863.973677982245,9226.041704213052,6607.493143165244
221,5834.716455841164,3429.9693595348394,17964.226021577757,8471.166461455388,5956.629962560636
222,6576.322559639079,3651.3963064767568,17712.03107200553,8487.571432222308,5992.266215051024
223,6626.769833230517,3852.0560871223124,18189.130256255055,9336.020689112445,6510.351141426565
224,7095.180108536758,3644.2401411595256,18634.724268358772,10383.537950604561,6900.372843090962
225,6848.733249588805,3825.985073194724,18888.88760072524,9025.081170786347,6278.81524299706
226,6721.652358972522,3932.4483186533544,19846.331245670553,9425.103603952231,6334.14793926041
227,6921.116472576989,3815.016861648072,20278.26283528811,10123.412578978852,6409.443401481254
228,6846.769760020349,4020.938519334207,20326.148740638637,9784.46531060613,7367.372399073781
229,6816.758728061923,3845.295600361797,19559.080849773618,9905.431302421717,6965.842514677127
230,5767.761267129781,3918.853225098477,19623.881320691395,8870.63040455776,6808.33941477504
231,6152.656486553619,4132.394878956591,19692.61818904004,9011.342827954886,7012.959737834806
232,6600.901375920201,3947.532944729684,20033.106422948218,9878.031576697847,6932.035357969499
233,6024.028453703895,3803.5450347848996,19034.262377862815,10186.481506954307,7112.928499093904
234,6108.2517802111815,3870.0673914593503,19193.277794385842,10689.544727358692,7535.0818953908065
235,6031.628057746651,3954.4383695066986,19117.13351398862,9645.32485729693,7041.903796251659
236,6279.552480027417,3434.898123282587,16502.591155169077,8846.101004646804,6515.019897648948
237,5259.405254012202,3397.9710141067826,16248.427192381881,8032.203029937456,6156.588076979055
238,5812.054184643566,3506.266434179876,17701.05671732303,9139.604500375757,6730.983788388438
239,5808.785049049742,3257.1008017700487,15549.68432371088,8775.887762477665,6076.8320338189205
240,6525.046852461504,3550.13000916971,16583.27137294227,8816.528830433415,6613.6040153078775
241,6842.68966244412,3744.808828401776,18502.46549773714,9679.903769541314,6690.826423116412
242,7400.003686964202,4229.730944563249,20536.90146776579,10110.627245540447,7324.0246024068465
243,6939.355235032479,3807.4818058286805,18715.796421546725,8511.123404526703,6502.494949095741
244,7075.856884205187,3518.9064667311422,17139.48748054087,9484.811596637282,6569.979998920952
245,6916.284576068633,3816.888392122948,19343.340201149433,9812.20061703548,6786.82189152335
246,6257.647408758303,3577.039889762731,17220.32588126269,8889.733355934697,6994.241671616436
247,5895.491537686882,3518.135302014289,16788.306073524658,7928.304744763843,6267.501532885553
248,6061.56122644762,3399.5731806877798,16022.308551826512,6984.728173005691,6234.157144150313
249,6197.740168229762,3407.679388094643,15954.280164089003,7171.752500494788,6534.104966301086
250,5924.980136445687,3209.3575997986222,15639.474425510592,8000.28250496131,6250.7199270249
251,6205.026626693549,2910.491807424317,13701.59513508093,7960.257047259877,5669.356338788658
252,6449.352824992545,3072.5107290007536,15860.35166508286,8347.698882210063,6052.292363393227
253,6164.728471533983,3018.1366344192725,16483.77400157611,9179.000125402486,6857.840499133792
254,5828.97738861572,3075.050794186136,16860.23456516354,8514.525185138094,6405.68258224376
255,6537.129565739262,3167.7197950828863,16409.278291339204,8599.568320087277,6548.082090054843
256,6365.9354832816425,3600.473312807851,19013.1654189621,9479.243858670312,6873.970864761121
257,6101.795126821047,3424.6240060234836,16713.107340234692,8794.694760303408,6072.470029777115
258,6008.480714842988,3464.9314694029863,17112.794983736356,8931.451763496652,5789.489261558026
259,6370.846711556044,3586.568675065661,18176.6958525866,9355.250527508148,6375.003651320601
260,5878.4608784705215,2825.4849410083348,15839.427125388978,8705.841470208585,5648.1375924345675
261,6346.767235000087,2932.178530055614,14869.998262648644,7207.113349138348,5296.105872941953
262,5785.637686145263,2982.641992735648,14718.213757818687,7516.539476406916,5145.673478046046
263,6420.865099262273,3047.1886655531493,15206.275302218499,6797.99299932148,5999.853948531005
264,6858.101789725594,3285.5249705069036,14291.339004974165,6220.333466297693,5689.213108336166
265,6263.240132976403,3513.8994933092476,16744.354262889305,7708.132466041092,6514.7518708384305
266,6918.539597348117,3446.5272619786433,16433.736924846344,7697.1147191373675,6142.272415862578
267,6445.6182198586175,2951.6244218067486,15133.40238014693,7626.368117837289,5598.271695257095
268,6657.693436049709,2904.105486372115,14737.19409215448,7584.019596607596,5458.5188160705375
269,6676.3928950257705,2987.924735396738,14105.378984701241,7022.786696861981,5405.070365551091
270,6715.202848486678,3196.1995283671386,15162.23523135091,6947.2884740117515,5581.640863997554
271,6100.3559535049135,3365.2165808534537,15660.442187643515,7752.495822238452,5495.923646000673
272,5991.273213750351,3378.6150816629997,16191.18779205955,8051.540073608399,5878.02164124054
273,6062.133507867647,3239.1751432389337,15533.693009102952,7694.7901391072955,5907.590393704697
274,5777.23127711555,3126.9180953019386,15761.138032197994,7837.328975542961,5872.083970289956
275,5992.798447036784,3301.142312381289,16598.260624535764,8448.091885374975,5778.593014575457
276,5849.534794118547,2964.486763639207,14954.013117563178,7967.574481338048,5754.067445298487
277,6329.432859799318,3667.717388537636,18090.49897018981,8396.850555957035,6338.725908038988
278,6304.437437355359,3363.5840886082183,16936.92115970289,8616.32854262818,6218.200642130354
279,6737.352179163702,2986.4526969380167,15756.65358656815,8369.800048127076,6285.242823411415
280,6666.488022194336,3723.0024515809623,19359.27497398928,9998.258675819729,6622.800931327489
281,6180.029465836159,3547.9982986698965,18548.710288062164,8610.90080057616,6663.456516559085
282,5911.00687499442,3263.507779349161,17161.384103760123,8357.36127754133,6239.861226143214
283,6127.475246246871,3240.6330159925483,17292.595303301787,8171.0922587601535,6275.595546262108
284,6266.090171913537,3159.8704360685765,15611.611571845317,8230.155393424888,5849.726515342074
285,6261.226421547112,2714.4112166214536,12934.15606914768,6847.981868127116,5031.294286641854
286,6655.980864258876,2688.638142388526,12808.27823305324,6820.045391618585,4854.241156319565
287,7007.181699530357,2779.4447033793836,13226.246275141124,7197.520697491088,5801.0096920408305
288,6801.240945493594,2762.6126488918944,12990.163036541715,7468.798129399795,5292.866519827088
289,6430.093654925289,2638.214217772113,12986.963865950127,7319.5517016741105,5228.995644415353
290,7465.255245052555,2415.3185109453075,10963.020161728342,6656.484189885495,5038.716042577307
291,7450.128278094255,2546.0021831119375,11984.504488934148,6599.233961768068,5166.2584890975195
292,7301.670458364643,2700.465766857983,12354.47527268652,6653.299501453806,5047.692573570855
293,6684.856976750713,2790.736489998002,11562.745110989817,6357.437994474685,5186.151309814616
294,6916.620428039385,2923.7508683065953,13674.994680202362,6886.662170372763,5526.297630534994
295,7007.034524486491,2896.9596401557915,13050.243297194755,6422.06767678312,5567.76152617665
296,7239.796511047887,2769.4126837860704,12547.257652348864,6466.984658519722,5428.300710541016
297,6801.473675161401,2822.6794712973824,12794.582165296071,6707.070261296866,5526.410883785037
298,6985.940392083459,2681.801976049747,12388.279377623672,6727.200964234716,5419.052627602129
299,6184.34926173063,2488.4504540135913,10139.27505543155,6314.304337380373,5343.046173181316
300,6602.462468545698,2537.4859040219694,9990.758996180524,6014.803815919603,4882.781353960695
301,6831.337406540862,2889.222752219206,13090.573213673417,7479.302900232912,5739.364404559075
302,6736.1724402466825,2885.415426011458,12930.65955650885,7546.316266717931,5540.196864672861
303,6863.62962643432,2810.616754144201,13186.260578808517,7950.983578029137,5708.892273436677
304,7061.799273698992,2865.3857835886556,12970.15454268332,7904.534950683868,6221.680410622675
305,6539.6020099891975,2754.7835296313833,13183.825472043425,7823.240313585807,5873.2629811632505
306,6071.9861647032285,2626.8288950044316,11343.369916719621,6743.562143161027,5129.56117655447
307,6738.862013951579,2524.488064096382,11235.413858941341,6745.841816519128,5257.86256615649
308,6816.520635526558,2586.9635616459914,12887.142754944325,7396.190637808302,5730.42463373405
309,7328.102407666186,2890.0251091207238,14116.557723154878,7573.4619387806015,5562.863428526
310,6757.92328808722,2953.0365182053006,14051.56951361372,7499.006927183661,5874.089843832328
311,6711.2383428379,2967.186445661038,13445.999405482784,7092.698326422519,5450.540742199715
312,7199.954127059263,3056.433389257193,13689.313633837233,7388.551478922542,5982.112912920591
313,6652.810432872871,3038.717314920467,13037.09962462225,7103.988690786599,5277.158988953805
314,6170.171322303003,2980.1158761568663,12671.348457002872,6357.185536528716,5186.014960405242
315,6106.79997574964,2989.940209058707,13487.342010829807,6690.308289249705,5694.4010431678535
316,7078.142334650859,2664.592510005252,12275.215176803511,7043.461124197787,5489.3675346295495
317,7965.934496966931,2518.4421136051583,11762.169605920953,7234.485435220431,5598.537492184843
318,8300.031313655563,2338.0498801143085,10875.950452502158,7131.568514443709,5367.74415676157
319,7233.104056482757,2371.271619344939,10019.674133190108,6653.179949540352,5584.186319605459
320,6603.056914227232,2275.4923341004433,9030.763932326716,6691.31194852933,4971.716357232893
321,6394.6775004626015,2281.8708890085177,8826.829032732925,6128.966051301986,5052.8379659102575
322,6746.957067371205,2486.2003046994796,10336.819025867642,7211.068925625646,5360.978208792037
323,6384.044000147903,2510.7751906619465,11327.670470497871,7249.811139173306,5577.455029601319
324,6916.024113308887,2607.329362151451,11927.480272118684,7385.182955125043,5517.690544120788
325,6987.097921005536,2701.6933389376427,11855.22330687674,7455.04187791524,5601.243237543863
326,7289.612056169231,2753.7250992192503,11788.6708981896,7188.9288068696715,5713.394715133399
327,6700.479223291848,2759.126585407025,11531.058699860543,6603.08379882737,5535.93810772355
328,7396.476452345527,2512.950284428927,10599.071450052346,7179.738208915645,4926.380815685462
329,8186.432003445608,2689.5516376303854,11521.968454740825,7258.924022930781,5561.384155032064
330,7750.218146213282,2694.4364105232407,11797.085988200677,7017.267755749339,5695.153553259946
331,7865.272588645434,2907.378705181095,13003.247615017777,8066.872525572597,6266.529048626593
332,8319.547070919069,3070.7879420199233,13118.243937037867,7464.34097604957,6419.513903131193
333,7802.192245508234,2973.504545708257,13221.600103396151,7125.881194862306,6138.178018388694
334,6608.795370123412,2995.0835778030155,12589.452040411497,6747.850299125288,5467.101336841023
335,6871.755199342299,2742.4381960755036,12246.518518128305,6414.430681024273,5178.521546746443
336,7542.89162850095,2784.341280585715,13006.897021497456,7181.047956308311,5669.243176753779
337,8613.674857380665,2800.0289312381037,12492.235627710581,6961.991375914907,5855.522672515018
338,8189.899426120294,2718.8232821404463,12300.804684769786,6540.85623156268,5753.465037266878
339,7935.562361851295,2925.505110079043,13096.38615391542,7587.558099987583,5932.878064100768
340,8047.832185805028,2998.9039341404587,12605.366506995682,7738.8259981939145,6491.282173881133
341,8022.307872267476,2800.7160924607465,11349.248925816088,7002.721920727903,5784.286036842733
342,8289.774125748598,2632.3086098836343,10814.299502956485,6759.826438242479,5356.486125230528
343,9431.95862259374,2807.5473921360685,12397.993716014586,7383.995861575677,5318.030573302771
344,8528.328864000949,3111.510476556952,13007.367353401336,7813.945058668056,6016.442491077016
345,9196.010614490884,3132.1176156143874,13376.876688323511,8403.556296528875,6141.561267432276
346,8857.00368219059,3143.813231401461,14267.3029421024,8554.88522928326,5904.64303077787
347,8032.883362848852,3053.5320344014535,13418.42713936647,7654.653658784398,6168.8555411139805
348,7783.4220285653855,2580.177322258185,10441.319046610886,7347.0825380371325,5323.256646008069
349,7044.070930655357,2651.3559108682384,10116.254854554816,6896.801822343185,4894.952975871448
350,8931.249535317473,2725.0197151810426,11496.45436377189,7551.868001986745,5900.844544654647
351,9107.90220002131,2769.4433208856117,12361.727231347668,6975.619415989832,6051.948874737328
352,8104.43180537,2724.3519104368197,12957.42159778836,6945.651119957853,6033.3674603511
353,8638.958986524687,2666.9059617738394,11893.39689432383,6976.069501213263,5666.852971427097
354,8681.451460842492,2932.4047755669035,12588.40481367604,7456.744583699313,6192.925413210863
355,7465.081552053921,2769.6361087966525,11628.392247994041,7659.957867374595,5392.129655444359
356,6020.677023492119,2727.869083096314,10883.28058746785,7015.936448491275,5041.22005364274
357,6137.825820285042,2965.095441630856,11822.693877772557,7062.540350184541,5626.126887081493
358,6529.226073369969,2967.3930098346173,12684.075005424185,7084.033617638677,5633.694620957468
359,8195.323014288477,2777.320465133618,12710.977434939197,7094.72505829472,5284.858639786953
360,7210.542220860362,2768.8143041774765,12658.606599232011,7001.344751775111,5665.858058405775
361,6370.250972908787,2696.1291195018894,11772.912546283196,6987.216267878423,5344.623977759313
362,6136.827007621072,2656.218875635494,11399.943193347752,6780.839107669782,4674.031864832496
363,6397.483609105691,2623.8638185295576,11268.215841540476,6271.553497121929,4677.4598474503
364,7422.171186135117,2841.3336654861127,11581.225930864948,6387.766163068657,5191.737006417036
365,8721.304208276671,2920.6727053573945,12771.422821005694,7593.496661049633,6125.787336006413
366,9418.821646792401,2881.951852909664,12384.28375117393,7662.934417311013,6166.218994731023
367,9177.28310113378,2877.775152757703,12842.286481982059,7416.442575811038,5941.3624819039105
368,7790.462032451848,2843.668895685761,12376.656081100566,6965.430531110709,5469.270021868643
369,7965.699862554322,2528.688453641899,11662.103584076009,6886.381743696421,5414.40461827881
370,8509.894464832487,2738.300620493198,11959.286610656723,7057.663447662484,6019.467723310614
371,9597.781528760994,3070.9935891083865,13379.591217688674,7482.228685143804,5889.863608653607
372,8806.318302655412,2900.2552192689323,12538.848174193774,6904.013571799676,5240.744954873714
373,8215.153818580102,2968.4400294019374,13401.994758361532,6784.329162026031,6019.205015296999
374,8082.996346562308,2951.0885525731796,12654.239497708051,6696.7821067159075,6089.530536992541
375,8065.6623225321455,2710.4830794690274,12516.340069213653,7117.288248100184,5822.917128239571
376,7922.682989909599,2807.232145771925,11409.952417121374,7048.248867831109,5425.784096474637
377,7725.5555837487145,2780.9576797842587,10877.000682618414,6486.243257322682,5120.108840934243
378,9192.940610393387,2828.598183750889,12929.75771048623,7471.047578818313,5690.022833835854
379,8651.643676926738,2805.4528708048274,12402.390481269254,7259.3027139393125,5759.22814702391
380,8483.52822240118,3048.2775417499515,13299.493355702552,7255.26828017337,5643.380932800128
381,8709.899920014579,2661.486836500059,12217.462826064926,7457.946697188886,5960.574454099218
382,9016.760047205837,2641.0509487487825,11940.424546174787,7388.547822200282,5911.880548830043
383,8618.085896364883,2645.964296956133,11708.35771367738,7222.562959392631,5440.395048312277
384,8551.254680810269,2708.4757719962386,12269.450916215783,7378.448654816426,5429.465586777522
385,8472.72165993305,2840.231908048315,13592.989718790495,7676.58739481767,5804.126405790799
386,8054.452370365273,2955.022613281306,13630.808492665923,8091.23693578843,5967.465375552606
387,7033.983432492101,2961.724836501989,13691.64404650558,7632.080016208926,5796.825152537321
388,6982.483680650197,2689.779887614551,12942.429891233076,7220.559521679013,5414.273473990947
389,7113.149209161148,2686.1692960579494,12561.837256003882,7357.124867434879,5313.66849533706
390,6387.121564340227,2750.76366685704,12235.824377869638,6475.584267027759,5535.943047515941
391,5848.492098245653,2733.640272171114,12235.480812091884,6834.139014145525,5003.388560630857
392,6173.785167865792,2876.0831641138648,13390.224739071531,7767.01466841597,5857.231484229564
393,6886.333128755692,2782.187906290934,12377.494497206613,7747.391495404176,5621.625981139441
394,7515.547972745605,2690.2530769302784,11632.24387396873,7778.809955875134,6063.477484383127
395,7363.710709728978,3033.9324537709535,13002.955879549216,7592.978459187003,6174.387666375441
396,7225.570807760678,3067.8844951453784,13873.70425655242,7412.045668060797,5839.234794925178
397,7344.77729648611,2806.7507741813197,12153.63409315592,6648.12877838564,5427.347756577653
398,7964.12536394555,2758.914311430138,11401.501458565508,6073.151433429811,5653.361569568954
399,7374.061746373279,2762.702175201426,12538.221442724298,7052.604737439092,5708.810697974385
400,8194.027892206825,2711.1200292943354,12330.873220605992,7280.670848659423,5800.997100230405
401,7700.57662933467,2847.3834216333507,12687.706645477858,6960.686978885773,5869.658871494943
402,7771.139619945519,2833.8950999492095,12060.6245652967,6569.831921110554,5706.761687166865
403,7265.285549183579,2958.742375677886,11990.097755945339,6478.190472196941,5756.750933409185
404,7178.256974825438,2683.627269622619,10424.936393170521,5518.005426894127,5282.595382564661
405,6870.388588763151,2710.4691776622885,10032.465438714644,5761.293522311324,5484.047055478219
406,7439.319575910277,2937.598192449895,12510.30958743777,7043.425711845386,6114.390338518779
407,6934.94024260879,2724.8554285770556,11992.737673638367,6265.379077304117,5949.230557936635
408,7967.598151054362,2691.537116325766,11923.715350229446,6163.766086967575,5638.760763528846
409,7859.6398989491545,2785.5970051809463,12656.05065069428,6271.357745923968,5740.042844409024
410,7649.428191765419,2752.5150273470495,12704.061825971123,6084.708418415376,5349.421812078048
411,6945.155593113054,2724.367538432481,12506.696572100645,6617.279680964607,5064.742458415325
412,7270.354239086252,2575.829987912835,11833.940469943587,6199.72594446865,4662.840460286034
413,7340.575289788495,3007.1499717191737,13701.935551547307,6958.489269545614,5503.842756504811
414,7441.992112216087,3039.7092067014983,13518.090650004553,7256.345091974113,5632.467187765755
415,8011.003048033003,3149.680596642669,13767.703776270184,7097.765135111947,5504.762914846377
416,6991.275397643668,2939.0670524763996,12400.779148099202,6806.242942714475,5609.861458436489
417,7164.025573190466,3006.5605407522003,13254.064563968095,6700.068408214299,5759.067713436316
418,7066.209426893394,2462.2843014807972,11612.612432446762,6142.325018471387,5373.575223863207
419,7388.388653986893,2619.7030729291923,12110.43259003014,6897.207297666826,5314.435510292892
420,7612.310781055357,2802.970640160244,13385.613724036944,7480.496901941553,5820.582005850148
421,7764.828474269702,2909.359418808809,13879.445695481356,7512.586817401505,5891.173136236558
422,7497.886767604077,2733.2375198490336,12744.416594975362,7579.7749539198085,5969.274075658316
423,7995.241694269341,2977.03479035186,13898.650804003983,7415.237412250102,5862.648756695995
424,8822.128370096087,3047.1393200113203,14341.743644051767,7877.348728522752,5699.475883791338
425,8193.544575290172,2921.5234985268926,13114.756534206994,7314.665519789282,5362.687353309419
426,8221.840822397384,2844.421844570803,13720.787010006019,7763.774758024531,4885.794625226576
427,8234.774077225047,2961.2142572871576,13769.612557720688,7525.613928484424,5525.621781805997
428,7281.785228921087,2786.920468735316,13816.45773052929,7356.0161160060625,5502.064586409253
429,7659.386928565044,2834.6242059614337,13643.051939798472,7179.256033517423,5242.867842927545
430,8050.581289991663,2816.5742270919695,12598.107582252493,6915.8419473692675,5382.835800642006
431,8831.84488835269,2827.7869212627656,12624.320431127011,6825.5592313743155,5669.444054694462
432,8926.684687018453,2672.4589552322877,11653.8795986732,6944.110389360828,5514.4323794506545
433,8728.092494920298,2557.477861788963,11162.256174400707,7053.54953608024,5439.109678173168
434,8980.917715986905,2951.6553654918775,12934.902738618684,6905.786978708332,5560.059392706889
435,8116.14948448576,2922.5558892548415,12699.298423277993,6678.941779881533,5640.5687352604255
436,8840.007131608972,3054.377274775443,12694.70484860145,7045.980200832321,6074.24434176058
437,9176.264549799784,3091.5156739887084,13757.65076940356,7534.2608427164405,6124.020716630906
438,8474.891550908915,2912.4308363796567,12620.832796303117,7163.888217260201,6002.312163275599
439,6965.493786280084,2480.785455539851,11287.396083570355,6157.698722889828,5407.1068096610325
440,7258.360537781727,2531.921605567069,11562.874890515113,6691.602201235985,5480.184551766347
441,7858.764989863785,2718.2888937852254,12797.091160753042,6669.155450586906,5725.949827293097
442,8137.371943377729,2842.063838784089,12596.550992508355,6928.962908995413,5577.82734071929
443,7388.888762672976,2663.207465521814,11677.835476791566,6956.958316542996,5764.430230311626
444,7223.593232096569,2827.755001191698,12768.244107259825,7448.860010084271,5614.68767429749
445,7324.688516636462,2828.927481367393,12696.943532509233,7370.130394031364,5780.538505271011
446,6559.856714914421,2675.5284858072223,12007.734769372764,6659.693727604751,5092.867305016652
447,6582.177061649144,2555.7256004028573,11564.658938709275,6444.982833137869,5395.892558190664
448,6948.096667798423,2751.02734518707,13105.841157249246,7291.454135902898,5903.3617057128595
449,6872.117501168431,2724.1811340286436,12460.074745009802,7403.18186952183,5377.021811586676
450,7151.56776305734,2774.3837861905363,12420.2097393301,7372.500777042993,5553.219686933541
451,6762.992808239882,2952.216842412657,12945.578676645959,7382.4843659740445,5494.440915677564
452,7018.561345634939,2841.373359575211,12153.177890202807,7339.290924492171,5396.9356585520945
453,6536.670627132709,2642.7790983157042,11424.70508701811,6884.2918593368595,5362.283495959119
454,6889.084431031606,2758.813310067605,12118.102397500108,7196.395317158287,5279.381628934638
455,6880.861062840974,2711.8328745172767,12683.810385409543,7901.5501375577005,5581.697466754861
456,7147.946512304138,2641.640132299204,12050.833553036315,7162.0971959020835,5212.586326874488
457,6851.188905091644,2618.749747140527,12164.875643685522,7430.93924995716,5297.610070616447
458,7181.598394577231,2619.0728982703663,12256.670615452918,6980.266791537823,5623.245389851814
459,6818.220788489525,2851.4692582021607,13417.371353251023,7237.732399948643,5471.099923137886
460,7276.909685041201,2752.031965460451,11311.921853315807,6667.531408244915,4987.835522131128
461,7281.930241235597,3016.107780193938,12165.895864306252,6976.685141991871,5439.375666441211
462,7912.572887887621,3064.6141257113118,13697.48950869658,7474.057493585096,5700.102388315741
463,8240.206907420044,2882.5374892325954,13281.74996233856,7618.245923563141,5756.229842577675
464,7774.099459904922,2727.852200295642,12509.819538001062,7662.925377877225,5857.904501757911
465,7330.539485997976,2595.2671896261154,12629.056484205537,7867.28872914177,5814.25810756203
466,6575.2964093460405,2688.88583842449,12533.093342631488,7899.515899533266,5745.4811718280835
467,6241.188931848177,2554.5231839863177,10709.114191431478,7079.049645905226,5457.950026147257
468,6660.78475722202,2488.095479731211,10636.518499395888,6081.06804558248,5132.658153798267
469,6328.8375496341905,2527.2179586525576,11636.448945202215,6916.126532538946,5676.772314712846
470,7635.243444638439,2469.6632412391523,11454.197689659673,6801.054047209593,5822.105249720151
471,7206.950677975308,2557.017344618488,11366.621930344172,6766.177746679579,5515.230107750365
472,7272.338547073003,2658.9866491566536,11460.165614205016,6904.435804322198,5827.11926744174
473,7200.3481737939655,2703.136275845913,13406.880803119531,7433.632215529465,6102.145045103341
474,6490.991031175256,2565.6419083233927,11827.21271374788,6903.421735743905,5560.8394960335045
475,6336.796494322124,2541.1878181462966,11442.999953631746,6400.72600356411,5459.144399094207
476,7170.22202550662,2849.7495262633993,13491.9046962584,7284.346786080016,5514.040084639756
477,6858.8999942827695,2664.3480421181657,11989.85378211293,7117.874254346138,5252.536061507239
478,6852.822060593156,2888.900346691302,12968.422494555058,7420.262247373633,5828.409645757881
479,6647.816718124236,2752.0408841322815,13057.547223974358,8101.603127716784,5606.3685784234385
480,6900.864287609976,2585.027697010297,12668.18931113541,8348.609630265079,5761.417968027379
481,5930.728601635963,2643.841631946013,12177.769539862978,8167.37525754074,5165.192641395589
482,5877.377359782043,2426.2429780852563,10887.577688999278,7653.0038146722745,4912.803306113465
483,6435.9403819364,2723.7025314433836,12950.60017634949,7672.187250229947,5155.290280503883
484,5998.390963728829,2878.5683809253374,13826.94319532255,7896.760926904208,5584.966177384019
485,6622.918499107961,2695.20694987353,12907.588761409086,7719.46194385366,5864.571385981487
486,6592.790207021856,2392.168084158181,11518.613657110172,7443.923436639632,5667.063982756076
487,6319.291922422361,2427.295667096075,11890.01878420623,7514.0590772505975,5348.877784124945
488,5961.778843062611,2230.5490916086483,10151.72980785469,6493.315226335198,4161.40888943235
489,5863.80047094015,2334.916929663586,10281.898517904805,6492.022023407002,4176.072707914141
490,6542.491775918697,2432.8036794680816,11216.44692054292,6652.733116467867,5107.303909414225
491,6483.1509034833825,2376.268950168905,10648.772191124972,7015.068293090694,5259.973333158292
492,6511.792932103438,2394.3339799439987,11632.88195103782,7262.046444913348,5205.563432708841
493,6924.738612670017,2556.5525264383427,11523.552231500606,7067.8352942557785,5459.11590511955
494,6596.135862816454,2921.6147248850443,14123.071186122324,7404.679709886874,5962.56967119849
495,6554.127188548422,2676.7441954474057,12799.169278902604,7723.4653834111205,5854.62055085924
496,6459.963200865363,2604.7184242375365,12301.226868262485,7902.728828045432,5632.4895913069895
497,6681.985429003438,2729.9118092969925,13664.986561600263,8889.08045019416,5877.573611218494
498,6289.61772531775,2460.2522766574275,12280.121430537503,8025.59573251403,5590.630574278914
499,6340.736367041249,2708.4825538836026,13609.505864993147,7947.527892777815,5942.441013520241
500,6280.907338313882,2647.906985528131,13895.690345189756,8022.460747051629,5992.228973647588
501,5830.274862246301,2781.409298439764,13999.164807547531,7629.239297721854,5978.874447718521
502,5969.006954975756,2785.1459656839183,13093.289065759041,7239.71279392626,5144.761819202462
503,5829.774536358191,2762.7198008529463,13086.193810755867,8084.510763401465,5262.092067767816
504,5991.607972251451,3257.421260651373,16344.44659773415,8431.041544054782,6089.198868866479
505,6348.017664036692,3009.1616800644624,14954.191523647269,7701.945906060384,5886.156098328269
506,6384.452915425441,2812.4365439640687,13699.641930317788,8170.014446187706,5565.606401752386
507,6742.76275707955,2628.4771345324352,12311.06357983834,7695.177220048603,5341.338540287418
508,6838.398030190286,2616.4615105276466,12281.6303712377,7737.308618060492,5692.695036032597
509,6790.16034266289,2423.4825850488305,10658.863033381087,6966.252128666438,4866.8232389888635
510,6778.8969169418415,2613.5377621347907,11938.637930941057,6821.4028730358605,4971.451642838932
511,6501.39026205306,2627.3145246299514,12418.463078773846,7003.164940079438,5258.811813468696
512,6497.650985725798,2653.0301550522618,12074.360247512397,7085.845649666203,5210.561020431633
513,6829.978998528971,2601.375440283094,13143.966810248145,7498.342403386619,5638.006952333656
514,6856.989592848103,2608.137582584576,12822.772515917097,7370.983907372522,5313.574519853977
515,6972.200448247892,2631.2764670338925,13195.028360239856,7984.571916030174,5381.438966692898
516,6814.039300369615,2528.580066545123,11818.406483919733,7303.475975529548,5105.454959032161
517,7027.645329946235,2620.991405737933,12108.214954902856,6945.4818968680465,4931.869734447982
518,7080.952154177294,2735.7974382953566,13146.362577359258,7492.467668885893,5850.214007939341
519,6594.185777709643,2519.208579177486,12560.39863759448,7001.046411360768,5463.228959311375
520,6214.8950044097655,2719.163141966707,13382.02886171312,7020.711463725661,5569.169535517732
521,6523.617452646752,2827.8199796061804,13589.517123393325,6919.999351069284,5085.93732823877
522,5845.732927906313,2891.844707304337,13746.686554452921,7327.98850648395,5322.661677567363
523,5754.274695801213,2649.27797471289,12436.329853188237,7083.304141035965,4720.47987407649
524,5642.268759667002,2680.656080114581,12723.18553448647,6775.846807365221,4791.379131269498
525,5712.170812544516,2808.034914405045,14452.955893260292,8048.27002312289,5304.820054807643
526,5868.642195588104,2881.0682638417056,14784.922007453464,7654.96467259491,5287.250205626589
527,5764.896467547267,3047.9212421787797,16494.355421684573,8993.961245359771,5928.0076738900525
528,6276.795632408204,3139.8391452023798,17319.083114718334,9828.579747349047,6654.547799614588
529,6424.52808113128,3274.45468645171,18776.149052762983,10814.961233102733,7153.921916598147
530,5972.408303978994,2929.4597985413393,15658.761013818948,9878.702114175918,6309.703114760847
531,6771.370961599581,3248.929164560268,17722.469290189096,10209.377865210863,6901.837685451143
532,6908.189807135343,3288.876243867327,18536.337505690288,10362.03976035085,7124.209233560497
533,6687.004867863353,3390.5214538259447,18586.864268016045,10942.970896874314,7322.070703629511
534,6363.810556262989,3022.186165908739,16513.612716128548,10098.093382146173,6823.680519079159
535,6089.355037827798,3010.2067919410583,15900.611901915883,9341.476298378286,6076.913078988332
536,6452.89358840875,2809.5175480613934,13708.075611596985,7749.655407250984,5402.222728389077
537,5907.77979570421,2633.051564074467,12442.807587310363,7914.925264561544,5142.002637982714
538,5667.844132340282,2837.745515979571,12910.40335162893,7573.806844920107,5355.587091482231
539,6586.047292213618,2671.0851581000047,12785.886812993494,7052.246510734166,5502.890577434957
540,7122.788090418366,2772.423694508842,12945.759267563728,7019.603088887271,6221.878459040403
541,6217.407150337788,2844.66571013114,12824.849519823358,7169.790207690681,5493.742117273488
542,6727.261962338053,2778.1939355802406,13662.801445533682,8159.227932074093,5741.368346327893
543,6182.993733277493,2982.389764400488,15472.24963358082,8452.43294293719,6043.0288573077405
544,5770.202030813073,2762.052539107888,13608.579802970246,7736.774976352137,5793.47235638789
545,6029.123342290874,2883.87796259035,13773.232128075691,7797.912327158397,5433.324634355983
546,6343.081244020065,2877.9948454579953,13812.66389294518,7576.016279542675,5861.139133897755
547,6520.666350699598,2691.3247739230583,12905.275111758667,7845.817925404577,6112.7682435280585
548,6456.699475618859,2753.14254042476,12630.412127060838,7369.482922116536,5940.493832319321
549,6219.311175287035,2688.872987574822,12836.03822909858,7298.875202166845,5286.880735635841
550,6128.519088750171,2468.9896963086417,11791.704816409176,7977.810128932461,5805.464943696889
551,5632.342221880293,2548.1574873482964,11705.518681795756,7686.416968052338,5679.532834032132
552,5523.444935522577,2754.733527206653,13058.09816711358,8437.533571263732,5460.128709124375
553,6040.014097763587,2984.9900092902953,14862.063775813984,8469.09177142592,6040.76810818502
554,6217.443609518464,2970.33162931359,15823.65999563844,9330.232991579116,5809.16577600993
555,6339.87561480361,2997.953444884601,16621.4633468599,10607.864410410617,6731.90996028457
556,7450.6827606638935,3567.7964493242553,20384.983477481997,11887.358093196792,8212.330740627956
557,7470.028536618117,3535.026900876453,19720.74478948255,11078.967454391543,6987.5681962411345
558,6798.111847370384,3483.491678463598,17715.551911557464,9788.404929004657,6231.7003629832425
559,6284.599857986282,3276.6541639043044,16565.065885565244,9348.489895396058,6508.421047580069
560,6193.178577356042,3494.1214025334443,19142.886727645964,9646.26618695914,6399.285630053091
561,6269.1999922388295,3024.514485013279,17244.232306540947,9020.925990057956,5888.237070657811
562,6483.559682680126,3313.624284349961,18374.63214152356,9820.519229870984,6893.637489412387
563,7238.181152480534,3044.5774189930817,16924.9627273761,10075.67061031862,6524.227476235198
564,6740.709276236323,3140.9794098475104,17700.23835617673,10196.903792946048,6607.909510056451
565,6506.227803929665,3008.4876956148837,16716.57267495573,9891.217789988968,6447.973966993974
566,6442.441539089255,3069.6004584927323,16220.157417445176,8607.989814002625,6148.123480063036
567,6911.214574876292,3139.576495898626,17745.044359057272,9850.629911460754,6709.929163437022
568,6697.656458435202,2953.5082216205483,16733.566394907128,9704.823993023485,6531.814119269647
569,6244.577972217097,3064.5991811142953,16705.024348603223,9574.956687975733,6610.14183414287
570,6355.756173734887,3419.732126597556,18733.15978680664,10290.56353464978,6828.61688041527
571,6829.575840941901,4228.020036918113,20936.080311630954,10734.307105626167,7310.628967179336
572,6291.688179852407,3754.542100558287,17712.634515742524,9597.926755638187,6495.465368476031
573,6779.549132420896,3649.2265115686478,18168.89601956932,9810.859829582369,6680.852507838719
574,7488.83501703195,3774.7246864269337,19044.11629003619,10050.665178588622,7437.691435847168
575,6949.603028613445,3607.755616131061,19139.7438093518,9657.593238365389,7144.239262958604
576,7022.12729238789,3433.4534703653812,18819.90769038012,10257.992440694863,6891.937463078795
577,6459.360716504222,3378.5636907656594,19101.206438005276,10021.883609584083,6843.971592884969
578,7525.691096250047,3961.23906056556,21589.014019188246,11687.472316310368,7783.834046482554
579,7261.706075218012,3278.7343362183906,16914.881097433525,9538.742829645698,6378.687011797628
580,6554.001212573508,3145.1785716032105,15880.193791769952,8988.498630636943,6155.508145432432
581,6386.949307110659,3374.6300344842393,18032.03189791074,9411.80973498176,6513.0261824727495
582,5811.982144489114,2949.552178760167,15699.275415235648,8098.6588738834,6194.761650883988
583,6085.869411333052,3202.584232023592,16878.865612564565,9091.416901365195,6331.0202312005995
584,5800.4220399294445,3180.535687348257,16985.407221772126,9491.885262671189,6286.587120269401
585,5668.303030047254,3286.0876110980817,17254.34990547285,9175.427730371692,5857.962723420585
586,5488.052876143655,3115.849769841134,14998.69005262867,9232.261896677386,5632.502479244166
587,5721.68298283265,3243.8332872586434,16089.698880253616,8870.21537807559,5795.284862599014
588,6525.383882025764,3714.6226339078275,18823.765795245763,9727.893169133076,6887.546182343237
589,6912.280089510263,3795.249075147447,19619.749655223874,9935.271168913754,7056.946258849003
590,6773.8421341797375,3375.613589983383,17571.792490340973,9127.70038433245,6759.125514058215
591,6608.083280644851,3791.452237071784,19871.981802732134,10460.775380481668,6987.785194061957
592,6947.844614375225,3512.9482604922796,19199.73549018233,10193.713579204197,6970.64504734337
593,5971.020822012089,2844.9600859741354,14957.167603910437,8615.180789269083,5763.6872178661015
594,6150.214143853405,3213.279707312972,15623.650159936436,8687.646706422813,5682.077132696267
595,6418.988057937127,3446.7728928101506,17498.76721804785,9147.713511259528,6077.222368624793
596,6789.992043273958,3488.9456813957704,18465.942707277478,10000.296840277164,6480.239221100395
597,6759.986906912506,3893.5146549246956,20624.292625268215,10491.989381431675,6503.068143550308
598,6421.588305712912,3836.9176745442583,19994.842426213556,10071.16644126908,6222.752914035899
599,6519.230382642088,3573.659031651952,18446.38370449746,9471.754917374292,6388.803826337656
600,6316.141711780581,3115.242064639036,15079.26950049154,8065.792545311566,5208.450851948356
601,6175.18243363413,3076.4106836850424,15254.974516261578,8266.29838288212,5161.405347326954
602,6340.035836264311,3488.7121489025767,16027.239212789515,7871.565886780162,5665.8698513016425
603,6100.122230022315,3141.143508461502,15506.059864149724,8381.449739772346,6039.527207892503
604,6635.949268599575,2988.36361230943,15082.35386759648,8283.412105099049,5915.4229698715835
605,6141.587749732005,3458.8083605142747,17340.867296961733,9170.922933095946,6917.627516534369
606,6168.389214128986,3081.914240274865,16984.77649621064,9636.24389648968,6316.821172894743
607,5787.867410110124,2748.0572470147135,14581.94512636573,8942.038670532684,5762.71359157907
608,6234.920268762635,2596.344737213216,12744.282648516897,8128.534185172813,5463.467847981119
609,6555.523914231842,3030.4145654297527,16396.08953016935,9520.21940019706,5842.52149560506
610,6470.8440306203365,2865.158807866754,15753.87480441062,9088.696291678983,5994.894467868423
611,6535.772242236698,3057.8222146331545,16512.131064643145,8292.266889833165,6189.662525476256
612,5968.355094843272,3297.0975706553213,16625.714019311963,7643.521879888746,6222.169796717616
613,5989.9018291056445,3065.1158523207782,14596.901996915944,7392.545095963524,5756.911970998353
614,5660.406340671214,2812.6094509471236,13140.297393674,7337.966396607446,5471.287383768038
615,5442.6927597601225,2849.664232755688,14158.05444581144,7536.185918561455,5416.520636930748
616,6343.2432477857765,3327.3759356856294,15671.794179288767,8516.408858113966,6001.028760742123
617,6642.344370562467,3137.3586465394624,15432.84626110231,8269.786781156245,5944.932175144292
618,6565.743520259397,3553.656108029901,17470.01095057684,8832.012338728646,6624.482220607392
619,6594.265820710375,3520.0014830318014,16619.911862829274,8322.14030971499,6533.3023522672875
620,6290.475257361181,3571.5988171416534,16996.58949679838,9168.580245802937,6228.063784560567
621,5896.950155552449,3025.5229184755835,13813.112619665982,7427.424138011177,5257.074287950774
622,5641.615854696621,3241.499010504536,14508.364509898527,7384.68717244963,5476.568559805981
623,6587.6937390018675,3756.318663181381,17791.533275986745,8932.284964793307,6785.686100850478
624,6997.072765205607,3688.113718453474,19154.19414948906,9479.468343190425,6751.02024647756
625,6292.289158295419,3355.9618396768797,16975.613443780105,8402.470915329308,6326.225165462653
626,6754.723392049675,3313.1076806057263,15953.29433077492,8064.248824941892,5911.558153265044
627,6754.69972476935,3220.5919866425565,15776.301621853405,8198.008020300145,5911.331080833494
628,7300.909595986512,2966.7508172803496,14575.646371082492,8118.506035838341,5829.52700087576
629,6211.208640703839,3708.683532599996,18416.75511313349,8417.90882217057,6318.726763278282
630,6216.728549037072,3499.639230255455,15337.815283061107,8330.80845728596,6446.7078657964985
631,6692.360374536438,2721.0310192906263,12917.21502877247,7755.265375338124,5858.138736086411
632,5768.470401520496,2714.21673091386,12323.425560149006,6418.657277377259,5294.050852652076
633,6261.124057563627,3048.1265134780137,13435.556457978018,6932.86965169462,5225.637867537757
634,6224.229225085094,3085.9155729870854,14164.64100272658,7336.729391807857,5348.738011039728
635,6133.572067796616,2750.478585276678,12166.012203006421,6955.450251461503,4569.256475945087
636,6253.168599495373,2866.540763241706,12784.821148159552,6563.983463647204,4776.391715153057
637,6460.132636699809,3584.4799539234054,17537.756794710695,8489.310826645353,6771.2533513043945
638,6359.8973692886075,3350.0870189908737,16513.998968652744,8504.876610942645,6615.300130468197
639,6509.062088698334,3245.158443856093,16439.922999801325,8360.0714177097,5931.881930288978
640,6734.011647148049,3151.491832366083,14580.312801378466,7475.8459904134525,5563.679101206998
641,6699.798142890988,2901.158565791178,14085.311726825452,7768.062242689294,5707.3337066858085
642,6218.169022422349,2489.7067816661415,11759.902046238261,8144.437248124207,5694.65393036299
643,6346.2816068863385,2759.082493810108,12615.14019209708,7789.735842624136,5542.890468787958
644,6427.774337553073,2984.863765136495,15012.121387750056,8575.35172055212,6083.607102349786
645,5949.731227493069,2609.284952471409,13200.39476730892,7598.114266837388,5596.841194608158
646,6821.02093821504,2707.9087430970117,13396.701702820674,7479.907634015477,5271.067708207609
647,5972.335021389731,3042.50875076454,15945.617658128956,7760.818967998265,5454.380828166195
648,6503.630242630819,2694.6647402503286,14316.479824317232,8180.0840204938995,5387.616729279248
649,5968.998427731836,2537.6579697504594,11615.892174026423,6907.105547371374,5378.387489477781
650,5999.632995576641,2893.368371575792,12770.455364499023,7272.691503203794,5202.207253071829
651,6597.0366485761515,3097.6960130239568,14343.893944459134,8076.039015565529,5492.397483203966
652,6755.993937211904,2962.5115683228046,13757.818198922701,7906.03483907056,5484.790853765344
653,6358.386943551988,3540.619249917824,16607.230000000352,8450.44025599754,6328.646933948976
654,6365.499105966207,2886.8949569249517,14365.608836820531,8031.5856486472185,5899.457734598496
655,6474.23605835272,3027.4942452484256,15009.939275479088,8895.858140644148,6022.605986204195
656,6080.200626894974,2897.466390573636,13390.910754319584,7883.491600346286,5561.793274194439
657,5617.785296001215,3107.6918439774927,14796.185949942746,8214.394072538713,6369.812363347067
658,6139.444870740931,3301.7263527904374,16417.028840795567,8907.267323459553,6402.884460464263
659,5969.239816250962,3419.1240315098853,16252.574005320996,8008.641840781532,5549.217754395096
660,6154.913483903341,3083.2323151903515,15503.221725482243,7695.864231389202,5578.855422622282
661,6429.572975364919,2875.4995311312314,13257.244103970654,7028.24364916107,5611.97739222481
662,6505.802453539303,2948.2991317235146,13582.583623691951,7204.253859849721,5594.570283217684
663,6695.992232854014,2719.197994050016,11910.711071761903,6196.780944678795,5223.594867898369
664,7441.912982997013,2780.669762707702,12586.634797155146,6535.79176970383,5083.68177859834
665,7144.961695495425,2924.2091014943567,13103.822918193517,7049.287513732675,5639.440010953933
666,7434.2978550818925,2888.0177109960105,11875.259724754118,6550.7709369417225,5650.098410478157
667,8218.504833210885,2884.744241406151,12271.331504188389,6640.593540630411,5676.1216998961945
668,7131.430438118484,2774.5707340722447,12384.912494699995,7139.906400521986,5471.02399057113
669,6926.437841971031,2854.1565956643244,12067.095999457233,7116.546288248278,5468.281218337857
670,6601.051970708922,2626.9180882788514,11415.563489810229,6445.537979904547,5253.913831336988
671,6545.65231132595,2760.6709865227176,11253.117358983363,5923.583552987304,5248.370660098919
672,7963.704567713811,2886.419860414659,12061.78894995324,7059.509986936373,5854.938915288343
673,7996.3193765159485,2899.863440845716,12077.36220245478,6772.203333955121,5683.039359173475
674,8130.043617898879,2932.9017826917275,13217.691727294527,7220.332569461636,6001.675659111331
675,7078.169448039813,2814.099261385955,12757.926210135374,7131.27336169395,5838.853899495249
676,7334.545839902357,2549.8113162244254,11593.504728878643,7230.638768588867,6140.102695352364
677,7338.070540552451,2445.717896136214,10009.295578868216,6674.571048387643,5623.076488426398
678,7055.771814168102,2331.1826235586404,10040.615874537125,6751.7851252479,5748.305870312329
679,6924.613495906918,2670.4877547905426,13336.738645768452,7336.589652412567,5658.608777538387
680,7878.771774848972,2676.34734621868,14205.678464069268,6958.371416191937,5498.629203542699
681,7868.948528429794,2708.581931569201,13503.811971417721,7038.124590801975,5295.9130439836
682,7645.245403412102,2764.799925893864,13016.40414925618,6586.627801980675,5069.757018641746
683,8072.944358859498,2823.274888750026,12755.695861428308,6566.015607809762,5193.271028605094
684,7587.183494407672,2483.8489196703326,11153.338723484067,6171.078973320496,4499.970247078211
685,7466.219046669059,2574.9731040953716,11792.44729001183,7196.902486873077,5168.864374313407
686,7550.810339167719,2773.4084276576386,12695.563142216564,7294.396330726398,5578.987793071771
687,6975.863561066264,2755.2400241295363,12520.845446943786,7005.4831435180695,5430.7468189720985
688,6322.290345807831,2694.365388521701,11200.790951142602,6250.799306845894,5835.41258945713
689,5845.025833834086,3100.872081522023,13274.184582780501,6042.916628398733,6139.570656919118
690,6178.732280347989,2465.0475182460727,11697.879298195436,6555.288940574956,5482.104426183118
691,6035.257725632913,2461.7048080257728,10621.013880390268,6925.513594856465,5406.710641923596
692,6072.284119063152,2297.754429962212,10165.83548600617,6336.828443506136,5041.825542458482
693,7328.776130000485,2402.255936744712,11108.242698573491,6658.020192129506,5557.973310254827
694,7464.981825014414,2476.253400338138,11638.814055461375,6722.860043945768,5851.1714988643935
695,7750.201027459402,2544.0874669994705,11518.953411258844,6955.415286662943,5839.380393879518
696,7768.737881491085,2533.811076710261,11828.141189291768,6527.0638874750075,5712.864862627093
697,7873.450216541824,2704.382852650231,11846.585620437043,6731.814256323442,6070.198176516832
698,7441.18383610781,2790.00566161287,11138.433799726166,6158.02475175856,5321.81388361112
699,7708.936160368444,2982.9399408010086,12048.894572895793,6468.573876725528,5243.391874589383
700,7724.385727930593,3281.1320528112306,15487.434113328716,8428.800564681032,6433.350713443559
701,8118.013064208814,3164.7734377012384,15515.82121891171,7970.07438458823,6350.559372215052
702,8472.50108584082,3081.180250751817,14361.08817287898,7350.188526332538,6163.292387901143
703,9186.037485426445,3023.5374920529885,13802.239289971172,7075.069920782965,5851.347707888793
704,8338.86950593393,2916.376903146857,12483.331242807964,6889.068493969847,5544.272043985788
705,6421.849160524218,2576.5340967198686,11658.88638972858,6664.287243118513,5187.699852849374
706,6726.4755475044985,2723.50853309312,12907.273949584047,7076.292184200902,5354.386169924221
707,7842.022221830602,2994.016574974691,13725.976341297295,7722.600384328162,6050.11127560249
708,7594.019731123833,3025.6399055774473,13846.23942388025,6869.76514002571,5842.365591231257
709,7095.185384228887,2854.659251802132,13005.317290845269,7322.119612250979,5758.807166225545
710,7258.732007836262,2805.46786939396,12915.827528998563,7513.743143023799,5748.96566159188
711,7482.754460471519,2559.312558020347,12252.463390219991,6790.110697682353,5568.979851118871
712,7796.955279288629,2753.6199813464204,11766.464398659542,6584.232523525278,5805.821859390575
713,7331.368722774948,2812.416045974489,12673.768400547831,6904.92490316069,5650.595330477551
714,7500.044251371235,2878.276397717335,13479.875684656745,6943.690899565227,6158.771211207288
715,6980.4858186580295,2742.3356974944722,12949.739048498534,6694.613958992869,6722.575988493377
716,7668.904958052223,2688.517728999661,12398.013145042263,7165.416093974679,6075.840977415954
717,7561.474648842232,2853.348315666642,12214.052252073914,7531.801884866539,5950.575825998617
718,8147.633790180299,2735.173311773831,11720.202094924462,7667.2621873164435,5824.157642331625
719,8535.803178356151,2890.4170364847687,12178.726580700644,7608.071871618138,5384.154105924769
720,9068.887873788291,2772.9054775323625,11982.383460391311,7463.208510408033,5131.4085797954895
721,8826.8226276705,2820.050989494646,12680.495311614266,7596.223869255794,5811.3928823684355
722,8584.217291059585,2925.0684262850855,13593.709330936874,7827.829777604169,5913.434795982175
723,8535.90849949637,2989.1735590109784,13544.041877987991,8001.963337104857,6133.156788202628
724,8419.502191682821,3182.2521677937975,14707.900024142747,8247.287650305803,6142.865386669762
725,8921.971635152302,3103.4916814886674,13919.649933793311,7387.458725400737,5424.043947941072
726,7962.151882842427,2884.876150445694,12871.041389470896,7576.465672442668,5325.997779125156
727,7982.971261768143,2992.8672011882236,13179.476713289101,7522.573927960473,5273.4932231502535
728,7528.500741980898,3273.6372129227516,14200.376984455168,7776.2850022649645,5724.516561124536
729,8077.576206071893,2843.031957241374,12955.997627697872,7104.444799683703,5848.871138679723
