,index,Unnamed: 0,fd1,fd2,fd3,fd4,fd5,fd6,fd7
0,0,0,241121.4759649789,274416.98956497887,276049.75526497886,271085.5271649789,273167.0178649789,259435.91876497885,269232.0803649789
1,1,1,244272.73366497885,294180.1540649788,273479.7379649789,262426.6273649789,266320.4966649789,269786.73526497884,259370.18606497886
2,2,2,247239.8779649789,283691.0741649789,266199.1404649789,258168.24466497885,259927.94446497885,257533.09716497888,258938.6966649789
3,3,3,235039.42996497886,261102.62776497888,252540.16416497887,252450.55746497892,251253.47706497888,251192.90036497885,251135.0729649789
4,4,4,207827.6450649789,220755.09936497887,243670.1059649789,242097.30006497886,241997.4991649789,241903.66656497886,246478.0364649789
5,5,5,167371.50636497888,203698.34816497887,210974.0053649789,210408.7675649789,210287.48976497885,214219.07106497887,215412.92346497884
6,6,6,152375.7861649789,185298.9685649789,195747.32086497886,195611.76066497885,200189.36276497887,200709.6010649789,205540.74026497887
7,7,7,136790.61276497887,177084.50036497889,182303.74046497888,186511.2125649789,187438.96426497886,191115.3057649789,200995.6329649789
8,8,8,129548.42166497887,173986.4160649789,180191.01696497886,180887.18126497886,185606.18616497886,196884.9955649789,193502.78306497887
9,9,9,126922.47756497885,179734.70416497884,177942.57956497886,181600.5679649789,192209.27676497886,192659.9907649789,178022.35756497885
10,10,10,134842.17716497884,168839.4097649789,185180.9893649789,195300.7050649789,193546.72436497887,180832.31736497887,172654.1513649789
11,11,11,119125.67866497888,171661.6842649789,178904.81606497886,176835.90456497887,163995.69336497886,155873.67866497886,156309.68096497885
12,12,12,118764.99886497887,168527.03086497888,172652.67236497885,159451.00506497888,151645.53166497886,151589.7897649789,161349.55596497885
13,13,13,118151.42626497886,153195.89696497886,148953.34346497888,141970.53066497887,141596.02686497886,151320.4575649789,189625.24176497888
14,14,14,105669.55716497888,139052.22326497888,132922.65156497885,134587.95296497885,144499.2001649789,182557.44976497887,182020.24466497885
15,15,15,93021.85446497885,138775.4723649789,135487.44076497885,145639.51836497887,183207.60756497885,183011.18946497884,182846.36246497885
16,16,16,91718.76037482283,146196.51937482282,152293.45077482282,189436.16297482283,189132.9685748228,188982.08067482282,188856.83467482284
17,17,17,102370.8839724033,169965.2612724033,199929.0128724033,199622.1817724033,199483.5196724033,199366.54987240327,199271.56957240327
18,18,18,122258.20730161559,205876.75820161556,208924.15520161556,208734.5423016156,208610.2185016156,208413.3632016156,208194.54730161556
19,19,19,158260.98942996314,207536.35092996314,206273.77772996316,205993.38872996313,205863.80102996316,205648.05332996315,205510.6258299631
20,20,20,160069.47104980977,212124.69774980977,208031.29464980977,206985.0134498098,206585.5169498098,206429.4580498098,206036.8994498098
21,21,21,165710.7301433825,208794.6966433825,211994.41074338247,211470.29074338247,211057.3759433825,210684.3661433825,210454.7408433825
22,22,22,159518.70006848744,200715.80296848743,205221.0977684874,204890.8757684874,204513.47346848744,204849.9286684874,202280.88376848743
23,23,23,154216.1488271655,198721.20552716553,200888.25502716555,201296.30352716552,201560.01922716553,200110.09772716553,199742.57482716555
24,24,24,149993.2250060416,195181.63360604158,199561.10860604155,199626.98140604157,197004.87490604157,198220.44470604157,199489.32200604156
25,25,25,145406.8540346404,195021.72003464043,196143.3627346404,194834.7736346404,195060.98713464043,194490.0836346404,194485.78993464043
26,26,26,145190.7488064932,202356.20900649318,192545.8721064932,192578.3321064932,192611.6516064932,192611.4016064932,175918.4481064932
27,27,27,154783.26006255456,195374.93076255458,201887.77736255457,205391.44086255453,205112.65066255454,188486.11806255457,188520.40496255457
28,28,28,147804.34602666303,203747.63522666303,199448.63882666308,200309.85122666304,183615.04752666305,183343.61532666307,177326.61602666305
29,29,29,158385.0007774476,210335.57667744765,209068.0278774476,189370.6208774476,192888.72587744764,187142.1575774476,187164.82117744762
30,30,30,180621.85987307652,225848.73557307656,211204.23127307653,209484.43047307656,204104.78517307658,202605.78817307655,206021.07087307653
31,31,31,191365.08710762346,221493.25250762346,213722.92620762344,206941.90370762342,207941.33210762346,208840.71650762344,211870.04130762344
32,32,32,175034.6022759775,214822.35447597748,211085.3316759775,213093.9652759775,212800.00197597756,212770.7545759775,212373.08597597753
33,33,33,164594.09133042625,202339.58293042626,205612.23253042626,203427.38373042623,203248.39693042627,202719.97313042622,202774.38613042622
34,34,34,162848.51616457888,200227.58676457885,200454.36226457884,199842.61036457887,199289.3449645789,198973.28166457886,199054.47826457888
35,35,35,159171.263824196,191653.91352419602,193119.114024196,191879.32702419598,191575.94572419603,190931.771924196,199974.317324196
36,36,36,151603.0994833266,179882.4130833266,186652.53288332658,186135.93698332657,185218.6579833266,194232.12978332659,193478.51668332657
37,37,37,142002.1629888826,182385.47768888265,177245.72628888264,175014.0611888826,185223.52038888264,185200.0757888826,184594.4693888826
38,38,38,142755.79379237146,173531.04239237146,177367.39909237146,186897.33999237145,187288.14839237143,186109.45229237142,184196.87249237142
39,39,39,137598.76093442226,174344.04013442228,182408.8259344223,182342.80573442226,181769.93443442226,179928.51153442226,179579.63813442228
40,40,40,136541.00390118282,181482.84860118284,182982.3273011828,182927.2047011828,181398.09360118283,181263.58470118282,180842.46150118284
41,41,41,144984.76363309546,184004.11483309543,181762.09753309548,179923.50983309545,179758.56103309544,179203.75433309548,178922.23333309547
42,42,42,147686.78123471618,190364.87063471618,182999.7082347162,183881.67213471618,183377.5527347162,183110.3622347162,182945.80783471616
43,43,43,153602.1315636101,190226.4034636101,189663.34086361015,189530.6854636101,189253.94476361014,189116.57366361015,189095.38116361015
44,44,44,153606.65008139698,185175.051281397,191615.421381397,190975.68188139697,190813.68038139702,190792.98318139702,190772.21848139702
45,45,45,155451.48582490132,201393.71072490135,191766.73242490133,192029.60052490135,192014.34112490132,191999.04632490134,191983.71592490136
46,46,46,165652.34770152665,201932.67410152667,202008.3008015267,201980.39110152668,201964.40660152672,201948.3841015267,201932.32360152667
47,47,47,166342.0295050068,208430.34330500674,203753.01000500674,207521.28050500678,207504.36210500676,207487.40090500674,207470.39690500678
48,48,48,171081.64301311196,205414.92651311192,211548.94521311193,210105.29621311196,210090.61941311194,210075.90871311194,210061.16401311196
49,49,49,172563.45554684266,218470.87844684266,213301.3901468427,211748.0738468427,211722.18494684267,211830.0580468427,211913.48224684264
50,50,50,181239.9973856254,221052.93188562538,215359.09338562537,214646.73558562537,214688.20988562537,214436.7593856254,214475.5401856254
51,51,51,181987.93665965094,218575.6454596509,215885.48905965092,215265.90615965094,215248.8379596509,215232.0746596509,215190.07125965093
52,52,52,178156.10916232222,206014.9129623222,213047.46876232218,212412.78986232218,212268.13626232222,212209.7951623222,203820.1367623222
53,53,53,169494.7441371515,204845.9341371515,204461.96253715144,203942.20663715145,203702.7321371515,195195.53003715145,214604.20763715144
54,54,54,167176.7628618986,197618.54276189863,202255.8803618986,201973.83606189865,193555.26986189865,212975.16566189865,145531.30636189863
55,55,55,161270.52155519056,202344.10515519057,196900.22915519058,188470.03655519057,207881.5271551906,140343.1459551906,140286.7421551906
56,56,56,167518.93247448513,198069.25337448512,195529.60147448513,214572.2248744851,147036.9185744851,146978.67277448514,146920.28137448512
57,57,57,162224.95221784455,189528.4323178446,209779.75651784457,143468.7228178446,143575.75141784456,143520.37571784458,143464.86781784456
58,58,58,151805.8937779085,205483.23597790845,141225.70157790845,142050.48617790846,141993.45267790844,141936.27747790844,141878.96067790844
59,59,59,170922.40120152268,146200.77240152267,143586.1558015227,142730.39830152268,142674.26460152268,142617.9946015227,142561.5883015227
60,60,60,108451.97294514737,138157.45104514738,147878.84994514738,147968.65684514734,147581.48954514737,147506.83894514738,147508.96864514737
61,61,61,101235.72492650451,140981.00872650451,137791.3487265045,137285.5752265045,137195.7014265045,137153.3252265045,137108.3196265045
62,62,62,102763.2514197817,142030.77231978168,138830.6456197817,140101.5142197817,140019.9817197817,139943.81581978168,139871.37281978168
63,63,63,104616.80065526479,141560.9702552648,143069.8951552648,145965.2280552648,145778.8679552648,145622.4985552648,142217.5180552648
64,64,64,103264.39025234125,144670.23685234124,145442.54515234125,144248.38095234125,144038.09985234126,141797.00895234125,135295.47605234126
65,65,65,107687.00440704483,150358.97370704485,147675.7400070448,148941.93700704485,148435.75020704482,143294.22040704486,135583.43550704484
66,66,66,113601.99132186505,151886.78992186504,151553.44382186502,153132.98922186502,148412.85582186503,139919.247521865,139885.14252186503
67,67,67,115405.69451155866,154964.65671155867,155747.22991155865,149762.39341155867,142501.28401155866,139287.40041155866,142408.64801155866
68,68,68,123527.48348589087,167933.8147858909,158313.28618589087,153274.48098589087,146874.1082858909,150037.79958589087,146840.46758589087
69,69,69,134522.469262084,167182.65636208397,162760.53146208398,156364.61846208398,159559.583362084,158473.72236208396,159326.58286208397
70,70,70,132510.24477640507,160408.2862764051,158228.2923764051,161353.2811764051,159893.23647640506,158077.0484764051,158049.87507640506
71,71,71,124902.16648130237,146428.32558130234,153532.4579813024,153063.83078130236,152547.97588130238,151774.3400813024,151694.47718130238
72,72,72,114567.26549061626,146137.45449061628,146132.43219061627,146352.26549061626,146582.2115906163,146508.68169061627,158817.94329061627
73,73,73,115916.58679083403,147678.15189083404,145138.03329083405,143306.54259083405,145030.89319083403,154243.68219083402,216526.04159083404
74,74,74,118858.26907919884,156151.12227919884,147434.14667919884,149075.69967919885,158328.36947919882,220600.30687919882,217174.00107919885
75,75,75,133645.9494686713,162679.0431686713,163571.06196867127,172876.3036686713,234975.6137686713,233618.9928686713,235080.4351686713
76,76,76,139357.50409855283,183575.6058985528,180489.3093985528,243622.00609855284,242859.33409855282,243103.63099855284,234378.6165985528
77,77,77,166805.5243002853,237051.99450028528,269315.8790002853,267275.30720028526,268740.7457002853,259166.05980028523,209833.33510028527
78,78,78,229436.19668357325,350675.1386835732,317975.49558357324,317695.66258357326,309844.73108357325,263288.08158357325,285944.02878357325
79,79,79,331757.4101073719,368517.8129073719,356038.1518073719,347773.4087073719,305884.9309073719,317699.3338073719,314097.5753073719
80,80,80,342895.5345565496,364505.92195654963,359195.5096565496,318192.87185654964,327161.79835654964,325360.28255654965,323210.92625654966
81,81,81,335093.9752281292,341579.14522812923,310224.4062281292,317118.1667281292,316848.4221281292,313756.96032812924,316277.1190281292
82,82,82,314240.0102471832,275259.27534718317,305422.77294718317,304856.8568471832,303496.0762471832,304044.2021471832,302698.3325471832
83,83,83,240408.70798118293,277762.51878118294,279173.2409811829,277914.32078118285,278106.46538118296,277163.98438118293,277197.5911811829
84,84,84,250104.31636515848,275251.00086515845,279891.4206651585,280176.2995651585,279251.3535651585,279469.3719651585,254505.32576515846
85,85,85,253209.2606664573,292306.6024664573,285391.7031664573,283716.7197664573,283932.5580664573,260278.85216645728,239700.64746645727
86,86,86,259078.65883253975,294315.09153253975,288153.47053253977,288037.4572325398,264512.7023325398,244155.95113253978,242875.12233253976
87,87,87,259190.59108520346,282574.62128520344,286571.2690852035,262468.5853852035,241731.28508520348,240366.62328520347,240230.79678520345
88,88,88,246200.91747093093,270461.24047093093,250179.70097093095,228674.71047093094,227207.08327093095,227090.47347093097,226876.04587093092
89,89,89,239459.52486507077,235495.21956507076,222361.9505650708,221579.74936507078,220528.96856507077,220320.55786507076,220110.7032650708
90,90,90,194809.5881262718,190331.13942627184,200144.1928262718,200933.0579262718,200730.38542627182,200533.79392627178,200335.85222627182
91,91,91,156640.73527894844,182913.2171789484,182726.26447894843,182277.77657894843,182074.05267894844,181888.59317894845,181701.87717894843
92,92,92,153615.80332105415,173038.93882105415,181263.98752105414,180837.84532105413,180625.4445210542,180440.25092105413,180253.80432105417
93,93,93,140857.25887072904,177375.35767072905,168020.68717072904,167540.97977072903,167316.95147072902,167138.76247072907,166959.38477072906
94,94,94,146477.36805023556,167513.07975023557,172870.02205023557,172925.13555023554,172805.55735023555,172616.51435023555,172426.22475023553
95,95,95,138525.01398492604,155834.74568492605,165610.02278492606,165928.46568492602,165829.52838492603,165646.02748492605,165461.32318492606
96,96,96,127577.67709374534,159707.95029374538,155550.86489374534,155285.73889374535,155091.12939374533,154917.09719374537,154741.93009374535
97,97,97,131757.93705045944,157487.11605045944,160154.6447504594,159784.1129504594,159562.30725045945,159382.13455045945,159200.7942504594
98,98,98,132143.95376608102,161079.86526608103,160170.00256608098,159684.769266081,159459.18876608103,159280.610966081,159100.88346608102
99,99,99,131033.18178080754,155548.74818080757,158548.12948080752,158100.89178080752,157893.21828080754,157712.0618808075,133478.75718080753
100,100,100,126309.73863746312,155020.5296374631,153286.81683746312,153592.9795374631,153489.25113746308,129377.20663746311,134735.38423746312
101,101,101,124923.9461065224,147671.8477065224,152322.6540065224,155131.99490652242,131272.38650652242,136940.88520652242,136842.33150652243
102,102,102,122609.13179147648,161633.04109147648,154290.3111914765,130230.49579147651,135044.40089147649,134948.8149914765,134852.8498914765
103,103,103,134504.36372477023,163273.3117247702,142370.17242477022,146084.12822477022,145981.86642477024,145879.1960247702,145776.11712477024
104,104,104,137537.7003030913,138622.1128030913,145452.4583030913,144995.46730309128,144895.4482030913,144795.0281030913,144694.2068030913
105,105,105,111525.89851232327,159176.8677123233,144085.93671232328,143873.6184123233,143777.06881232327,143680.12581232327,143582.78961232328
106,106,106,137620.88958363357,163367.55768363352,164446.31538363354,165671.75168363354,165564.63668363355,165457.07538363355,165349.06778363354
107,107,107,146166.5291839705,186720.35658397048,174912.0103839705,177949.5774839705,177904.3253839705,177796.3093839705,177687.83928397053
108,108,108,172342.98929853,210772.47579853,204847.87239853,203650.76769852996,203580.71189853,203574.95689852998,203553.37199852997
109,109,109,211654.09560608387,274678.65410608385,244481.48080608388,250735.82560608385,253132.3978060839,253014.01840608392,252867.20570608386
110,110,110,272454.78751027706,316761.7511102771,298643.1100102771,302637.40771027707,301944.4692102771,301273.56571027706,301464.8355102771
111,111,111,290084.49226699414,313606.82596699416,313053.2026669941,313279.3408669942,313119.81596699415,313024.0346669942,312874.1166669942
112,112,112,291925.4993729462,307648.8792729462,315981.9171729462,314749.8237729462,314613.1349729462,314232.2972729462,305343.5907729462
113,113,113,287597.7873473058,310286.2106473058,307663.7851473058,307217.4402473058,306078.4601473058,306319.1430473058,306166.7566473058
114,114,114,282138.7886957864,294595.7372957864,301524.09869578644,300616.2232957864,292120.8336957864,291942.5619957864,114760.91579578642
115,115,115,269160.11748770264,288647.7229877027,290299.38838770264,286471.4555877027,286277.65008770267,110115.39758770264,109511.61538770265
116,116,116,278566.6864275683,315653.2817275683,314388.3627275683,314651.2849275683,130689.22272756828,121923.84782756829,122098.12082756827
117,117,117,303231.96836328873,346926.3329632887,347154.26506328874,171102.01916328876,162280.4740632887,163516.99216328876,169064.13616328873
118,118,118,319667.26979379944,347147.08479379944,172425.93079379946,169002.39369379944,193219.48939379945,174628.57659379946,193848.61759379943
119,119,119,318469.7347264581,150697.0730264581,145597.9404264581,147573.6401264581,156507.89282645812,156618.0016264581,157011.56482645808
120,120,120,91942.99448135422,110412.69158135421,109883.70458135422,109867.40038135421,110214.1838813542,112050.48708135422,110486.01268135422
121,121,121,71786.92243180866,100456.86953180865,100361.11023180865,100141.02973180867,100209.38913180865,100292.35183180866,108022.79333180867
122,122,122,62166.481710664404,91375.62401066441,91114.98751066442,90731.57371066441,90784.49071066442,98485.33841066441,98876.6177106644
123,123,123,59496.92312818681,88444.6783281868,88019.76282818682,88698.6417281868,96399.8040281868,96490.85952818682,96587.0552281868
124,124,124,59099.19407239233,87850.42187239233,88523.99577239231,95824.30137239234,95811.81987239231,95894.95627239233,95983.36397239231
125,125,125,64212.45530952125,93994.76690952126,101306.60780952124,100899.94270952123,100951.92980952123,101043.10170952124,101142.67670952123
126,126,126,70605.14711096394,106788.03961096393,106351.33021096393,106501.71701096394,106548.74331096394,106639.64981096392,106549.54381096392
127,127,127,78244.71169473948,106687.83079473946,106844.50279473948,107024.90389473947,106923.52229473948,108816.54779473947,110308.77759473947
128,128,128,79810.90380565074,108882.19200565072,109078.58920565073,109735.50890565073,111888.53040565073,110317.02510565074,141845.12780565076
129,129,129,88280.88689839668,117890.75009839667,121796.56729839667,118501.67399839667,137803.37869839667,164326.16269839666,153821.64959839667
130,130,130,107090.08029638782,137250.4492963878,149284.84339638782,182009.00219638785,195125.80359638785,182467.91609638784,195666.09739638784
131,131,131,123523.23556142888,195653.92076142892,225049.22126142887,237857.13296142887,225318.3483614289,238531.5517614289,225948.7389614289
132,132,132,185409.8077095953,292448.8064095953,304432.0019095953,292837.8223095953,305207.8541095953,293714.8377095953,345369.0254095953
133,133,133,289638.7467627338,336955.1193627338,326680.2986627338,337553.2211627338,327371.6667627338,373623.6733627338,392457.58706273383
134,134,134,333260.9282055523,366770.2385055522,374021.1501055523,367329.1941055523,394513.9225055522,407689.7702055522,411173.9283055522
135,135,135,363232.5031726714,390349.9872726714,385117.3253726714,405627.72097267146,415255.16397267143,418708.5509726714,415887.7350726714
136,136,136,389467.59422351525,388331.03642351524,407248.6636235152,416439.5460235152,419921.45472351526,417129.0215235153,420621.2565235153
137,137,137,385618.15785702737,404024.42625702743,413213.7760570274,416618.5643570274,413789.02655702736,417283.4796570274,414106.2590570274
138,138,138,395919.7575819161,401751.21638191614,405323.69478191616,401786.14098191616,405210.6399819161,402198.57328191615,405766.0744819161
139,139,139,387847.4077084158,389354.6795084158,383579.8696084158,389012.27980841574,383322.8505084158,389696.9242084158,383947.2422084158
140,140,140,373771.3508341928,354043.05633419286,364386.5498341929,354097.71193419286,364760.13953419286,354496.75813419285,365497.94833419286
141,141,141,329377.57809522894,342172.8766952289,330560.08419522893,342458.9733952289,330914.4172952289,342833.4749952289,331268.4413952289
142,142,142,316962.6878923356,312742.77029233554,324710.6420923355,313040.16659233556,324999.4515923355,313369.9127923355,325668.32799233554
143,143,143,288229.8268983712,320058.2981983713,308426.1920983712,320221.53629837127,308596.6234983712,320541.85689837125,312146.6032983713
144,144,144,295818.79061086016,316039.70951086015,327739.4152108602,316382.7127108602,328670.1487108602,322100.49541086017,336270.48531086015
145,145,145,290643.25172924914,339930.39982924913,328594.53242924914,341021.56442924915,328945.84882924915,348246.4569292491,376580.37712924916
146,146,146,318665.3552516281,323553.00585162814,335990.8911516281,324172.7282516281,337068.3604516281,372531.0379516281,395839.33615162806
147,147,147,302799.73759283277,333755.5848928328,321960.25179283274,335068.93309283274,370241.61219283275,386530.7429928328,381569.68809283274
148,148,148,320461.1623427549,329902.9574427549,343755.9442427549,375669.8971427549,389886.1468427549,376630.1762427549,404115.21934275486
149,149,149,320497.2817333118,373783.03873331175,393210.6496333118,400494.5281333118,390458.46003331174,411544.3761333118,406850.9660333118
150,150,150,366975.9008917777,412702.3594917776,417806.1379917776,415683.56739177764,429881.9237917777,423618.15299177764,429360.8923917776
151,151,151,405459.5329592963,432088.0098592963,434058.8890592964,439624.4744592964,439669.3433592964,439963.9558592963,439805.8800592963
152,152,152,422776.2941981037,433593.3675981037,441143.34289810376,441132.5230981037,441372.9226981037,437082.63799810375,441480.54369810375
153,153,153,419060.75023370376,437583.4785337037,431117.43813370366,436637.66753370373,427219.8864337037,436715.86043370375,427320.6009337037
154,154,154,423423.5535027459,432397.32810274593,438019.79170274595,428127.0792027459,437577.9312027459,428171.5660027459,437665.26080274594
155,155,155,418651.3339676882,436181.45476768824,426198.88986768824,435455.5952676882,425999.1915676883,435528.99956768827,426085.67666768824
156,156,156,420192.12626669183,418911.9529666919,428212.8138666919,418626.89546669193,428259.64346669184,418711.5980666919,428013.99316669186
157,157,157,398182.99281501025,422753.05551501026,411175.03051501024,422594.9167150102,411097.9565150102,422343.12431501027,410932.98191501026
158,158,158,403643.78628768376,402991.6313876837,417278.09968768375,402420.75078768376,417136.5555876837,402461.1515876837,417093.2502876837
159,159,159,381559.10968543665,414324.7438854366,396131.89188543666,414208.3159854367,396183.13438543666,413736.39998543664,404045.4631854366
160,160,160,395285.970915954,393324.53111595404,412406.07661595393,393477.54091595404,412099.17181595403,393655.32621595403,431231.18461595394
161,161,161,374157.1586584451,416905.6053584452,400000.2752584452,416382.09065844514,408638.79145844514,434557.1024584451,408187.24415844516
162,162,162,400874.418974823,403130.21637482295,418311.008274823,417689.817274823,433744.427974823,417235.14537482295,434165.11967482296
163,163,163,380099.16733114526,414199.10963114526,408549.9823311452,431256.0618311452,408089.04173114523,431670.09203114524,413374.67583114526
164,164,164,393469.7080512252,412954.8916512253,433539.38735122525,412500.5350512252,433999.9408512253,416711.8902512252,441860.2764512253
165,165,165,392989.3526192213,429693.3320192213,406406.29491922125,430385.5522192213,412319.30711922125,441983.9612192213,441828.99131922127
166,166,166,412309.89604963304,405324.48444963305,429840.20834963303,411016.3713496331,442490.05344963307,442071.5784496331,441534.67694963305
167,167,167,381105.46144806047,424672.3600480604,401311.6680480605,441843.27114806045,441369.7192480605,440704.42404806043,441002.4683480605
168,168,168,407286.6541022918,406751.1243022918,443008.6055022918,442559.85890229174,442007.08360229176,442403.5739022917,442776.7229022918
169,169,169,380938.99448953004,441608.4663895301,440708.82258953,439887.43778953,439989.81218953,439882.3250895301,438586.2625895301
170,170,170,421826.40193715325,438315.8142371532,437220.3963371532,437161.17943715333,436418.1684371533,426641.08943715325,413115.2428371532
171,171,171,418560.37173126626,434370.0863312663,435066.52723126626,427677.40983126627,386511.85453126626,386531.7843312663,385817.79163126624
172,172,172,411892.4196822995,434629.5896822994,423288.18828229944,375762.56958229945,375845.4587822994,375093.6302822995,375126.50948229944
173,173,173,415504.0136684618,415410.6617684618,350848.5979684618,350924.2061684618,350171.87136846175,350203.9753684618,350255.7288684618
174,174,174,391299.49159365124,354910.1601936512,354885.5708936512,354180.07249365124,352926.5923936512,354953.7262936512,354411.6468936512
175,175,175,323903.7322489335,359936.06294893357,359237.9000489336,357986.3203489336,360014.4698489335,359393.32324893354,385376.5040489335
176,176,176,325475.4235674532,356709.13646745327,355456.08336745325,357519.3306674533,357631.11396745325,382121.42286745325,1014559.4905674533
177,177,177,325993.4117900443,348359.9780900442,350421.7601900443,350452.5297900443,372777.12809004425,1015258.7185900442,355892.1760900442
178,178,178,312676.710038061,323558.023538061,323700.37323806103,346568.326038061,1014239.914138061,355162.61513806105,346309.638538061
179,179,179,289613.28879042197,328696.762190422,353148.36069042195,1003523.989990422,357712.357790422,328190.65129042196,327879.78999042197
180,180,180,295872.94179147284,351172.3740914728,1007810.0231914729,358319.9333914729,335617.2290914729,335064.43069147284,335320.9973914729
181,181,181,325589.96157415735,1013508.3789741574,359258.71057415736,342843.02787415736,328209.28737415734,328192.37737415737,328073.23567415733
182,182,182,748844.5002987884,355049.10999878845,340293.7685987884,339624.4437987885,339418.91119878844,340472.0020987885,339460.6782987885
183,183,183,340323.63415814616,315146.76885814616,332153.2729581462,331713.67335814616,332765.8062581462,332641.1568581462,331352.1076581462
184,184,184,294241.8310120688,299840.81791206874,309731.23021206877,310484.83801206877,310159.0024120688,309120.00471206877,310576.94591206877
185,185,185,282701.93399009306,306649.1057900931,298849.63499009307,299605.93209009303,298332.7489900931,299491.898790093,298551.8149900931
186,186,186,292420.69637231855,324890.9185723186,309757.22647231864,308070.63407231856,309410.2358723186,308469.84837231855,308331.13537231856
187,187,187,310886.0860073948,304901.6145073948,324771.3447073948,326113.1360073948,325871.2795073948,325512.6602073948,329246.8622073948
188,188,188,286692.26853758417,302289.75493758416,302194.4746375842,301951.8170375842,301592.3590375842,301990.8269375842,305992.0658375842
189,189,189,289797.4779675596,336729.0028675596,307754.6505675596,307990.5135675596,307282.3238675596,307751.4475675596,318419.9026675596
190,190,190,330030.637597286,338827.37639728596,344010.8437972859,345577.797497286,352312.709297286,366676.99549728597,353584.41959728603
191,191,191,319943.7675713188,312837.89007131883,334160.9981713188,340558.8622713188,358956.7634713189,358199.14567131887,359583.9310713188
192,192,192,290967.7651552165,304192.8607552165,309817.94705521653,325944.5980552165,337308.4934552165,332169.6621552165,332843.2410552165
193,193,193,284425.9946414933,291952.68014149327,308226.0945414933,323864.0727414933,320661.30354149325,321341.9088414933,320784.9927414933
194,194,194,270556.51646445255,287633.1565644525,302074.4763644525,302615.35076445254,303123.8597644525,302566.2016644525,302458.9571644525
195,195,195,269142.9828807617,288793.41648076166,292253.99128076166,292762.35498076165,292048.3745807617,292252.3725807617,291682.2635807617
196,196,196,272280.9033910056,272034.38169100555,286968.6056910056,286259.15299100557,286140.89019100554,286595.90169100557,286204.02169100556
197,197,197,257105.10533067398,268868.911730674,270758.787830674,270645.677530674,269950.987030674,271244.83033067395,272116.91603067395
198,198,198,252206.10113333038,255314.0429333304,264696.6522333304,264031.2616333304,265312.63633333036,265406.5021333304,265783.18793333037
199,199,199,242520.21747967167,258016.93407967166,255134.36297967166,256459.63827967164,256138.5369796716,256701.16527967164,255247.82447967163
200,200,200,241079.34766676696,241230.54366676696,255139.49226676696,254792.29366676696,255253.56106676697,253868.62456676696,255228.90806676698
201,201,201,227963.8906954482,251558.37789544824,242571.2324954482,242862.4189954482,241320.42939544824,241685.53399544826,242658.83089544822
202,202,202,233443.86353306493,248043.92563306497,246795.58433306494,245253.35713306497,245618.77063306494,246747.06933306498,245227.06063306498
203,203,203,232565.0481729735,228984.83187297347,244205.62197297352,244570.6176729735,245300.20067297347,244466.93497297348,244463.8986729735
204,204,204,210790.11883278325,226598.51153278322,222422.17033278325,223489.73183278326,222232.19473278325,222273.07213278324,223996.35363278323
205,205,205,208633.55165278297,198148.16925278297,222937.077852783,221679.652952783,221720.73445278298,222798.40825278297,222182.643052783
206,206,206,181436.1964437362,196384.86244373617,194122.78534373618,194163.59624373622,194860.2358437362,194649.89574373618,193754.6928437362
207,207,207,180483.31205754026,185119.38795754025,192167.41115754025,193244.8723575402,192628.9924575402,192480.26005754023,95531.79515754024
208,208,208,170633.61543128232,190574.05813128233,184640.3714312823,184024.0329312823,182786.64363128232,82614.07473128234,94793.41603128234
209,209,209,177237.61093158333,213221.35023158335,190543.80953158333,187994.41523158335,88108.20793158335,98670.98343158334,123238.24603158333
210,210,210,199903.80603515846,184228.36563515844,209611.77443515847,109045.81553515844,119917.49543515843,141038.31863515844,147665.79893515844
211,211,211,170764.64615836163,186904.93305836164,84898.08475836166,88883.73605836165,118657.97755836166,114226.11005836166,118355.43905836166
212,212,212,172619.4212101203,82466.67131012029,92413.1556101203,119988.84161012029,117229.6482101203,120521.25341012029,114825.34471012029
213,213,213,69490.88366961313,85019.63596961315,112405.24346961314,112381.63936961314,113017.76626961314,109976.94266961314,111770.30176961314
214,214,214,74845.34147081853,107415.22767081854,110372.44237081852,111009.99877081852,107967.86917081854,109762.65607081854,110100.95457081855
215,215,215,68919.87356305623,105744.60026305623,106223.64706305621,103180.04246305622,104976.33956305622,105469.72076305622,105831.26216305624
216,216,216,71510.21761562274,97961.49621562273,103485.53861562273,105282.42171562274,105618.03481562276,106292.82121562274,103912.54001562274
217,217,217,60573.59669995091,97777.4978999509,95690.0462999509,96021.72669995092,96466.1894999509,93825.15449995089,97159.7140999509
218,218,218,63240.32576250745,104109.00446250744,100147.34836250744,100824.08506250742,97794.04306250744,100707.23316250744,99100.95046250743
219,219,219,66248.41933102623,94496.50743102626,103244.07403102625,100604.47433102626,103596.24483102624,101599.45533102626,92337.56703102624
220,220,220,57021.6231673616,90233.12466736161,88966.69406736162,91962.9314673616,89960.9197673616,80675.3228673616,73974.0619673616
221,221,221,52355.93214084751,77411.5350408475,88981.75184084753,86978.24014084753,77685.72134084754,70947.52994084753,88924.03284084752
222,222,222,42478.39234256264,87366.20664256264,78063.79384256265,68523.17384256265,61731.091342562635,79531.00714256265,78712.90324256264
223,223,223,52032.58355034709,76405.2160503471,76390.38735034708,70429.77765034708,88151.32735034708,87305.99415034712,87424.7480503471
224,224,224,37619.44078345939,56834.66588345938,55979.280083459395,73738.63358345939,72895.66778345939,73251.08748345939,72209.26758345938
225,225,225,33878.18984508472,51249.30424508471,69957.90854508472,68979.91224508472,69100.96474508471,68449.99424508472,69427.75164508472
226,226,226,32276.310576163436,74938.52807616345,68157.16927616343,68280.71717616344,67632.34157616344,68612.00217616344,67488.23347616343
227,227,227,55154.47123613798,71184.52393613798,73158.78443613798,72506.96373613797,73483.88943613796,72356.24503613797,73352.70973613796
228,228,228,50641.39412291716,63768.91742291716,68866.41052291715,69688.61652291716,68875.46532291717,68597.69712291715,69054.53422291715
229,229,229,45916.44333293801,67451.40103293804,65013.03173293802,63887.545332938025,63688.45063293804,64457.99663293801,64066.386232938035
230,230,230,48046.08767141057,66686.78147141058,66662.63397141056,66462.91507141058,67231.86687141056,66933.70637141056,60177.57577141056
231,231,231,48613.48703584066,67216.90733584066,67259.16923584067,66312.19023584068,67082.79463584069,60056.01943584066,52167.608235840686
232,232,232,47976.433087828686,66730.98358782867,66641.79078782868,66641.55658782867,60901.56248782866,52753.65148782867,52179.607287828665
233,233,233,47493.699470563806,60847.11707056379,65916.37677056379,59613.423470563794,53928.877570563796,52517.545670563806,51312.44787056379
234,234,234,42412.22662515963,63526.116025159616,54931.33132515963,47664.96482515962,48976.94882515962,47813.91572515962,47709.197125159626
235,235,235,47262.4393329263,65876.1636329263,51893.5049329263,53780.70213292629,52590.4246329263,51389.7292329263,52123.59773292628
236,236,236,48088.96188582257,52925.88158582257,60160.30878582258,58522.53388582259,58076.18158582259,57362.13098582257,119400.99698582258
237,237,237,44394.68221586768,63136.71741586768,54688.54561586767,54091.55981586767,54565.21541586767,113919.7735158677,37253.02081586768
238,238,238,54315.112062498345,55057.166362498334,62399.26766249834,61530.48306249833,122898.99806249834,45621.71306249834,37356.241362498346
239,239,239,44543.30251941428,56098.766419414285,53082.69111941429,114565.96281941427,37150.55741941428,28871.59301941427,28041.184719414276
240,240,240,45502.05303563429,57219.14093563429,115862.67513563429,38863.3383356343,30428.9373356343,29598.755135634303,30856.621135634297
241,241,241,46578.858201255935,103334.40550125594,40826.66250125594,32393.133601255948,31562.78910125594,32586.070401255944,31930.441401255943
242,242,242,93008.70537771538,28466.080577715387,20012.204677715374,19179.993477715383,20201.374077715387,19543.739477715382,19938.764977715386
243,243,243,20228.157753145424,21893.38275314543,21062.545653145426,22085.399553145427,22393.26125314542,21464.056353145425,21225.35215314543
244,244,244,18467.002502338422,19825.204102338423,20848.415002338428,21156.55690233843,20227.707502338424,20343.59520233843,21098.370802338424
245,245,245,19395.138389093903,35619.1253890939,24015.256489093896,22930.908589093902,23006.388789093893,24123.389489093897,23945.4584890939
246,246,246,31418.452051806264,28041.039451806268,33941.29945180626,33703.774051806264,34898.87955180627,35032.926851806274,34243.97305180627
247,247,247,27860.417795810456,29877.76469581046,28816.02729581046,30323.701495810456,29102.72489581046,29872.95629581045,29150.327395810455
248,248,248,25617.06716362147,19656.696263621474,26906.617863621475,27900.898363621483,28984.10916362147,27870.846163621478,28753.490863621468
249,249,249,18001.45877539512,21630.72897539512,21449.702175395112,21049.665575395105,20195.618875395114,21205.45977539511,20543.02077539511
250,250,250,19809.8071987664,20891.760098766405,22369.719998766406,22782.9462987664,23587.784898766404,22550.5994987664,22306.494998766415
251,251,251,17685.16530147451,21166.984901474512,20205.53050147451,21322.76170147452,21106.813101474516,21383.658001474512,20235.830401474523
252,252,252,18326.164694574254,25815.628594574257,21683.50029457426,21467.717894574263,21096.149394574255,20273.029894574254,22181.721394574255
253,253,253,23400.272961831855,20197.751561831858,20903.50526183186,26784.708461831862,25792.472061831853,27737.393861831864,26682.24116183186
254,254,254,19213.036345497443,23478.406145497458,21469.219945497447,20316.80474549746,21671.420545497458,21376.622945497453,20899.71284549746
255,255,255,22856.690243637757,26599.28924363776,29771.226643637754,31133.755043637764,32307.482443637753,31999.13304363776,31691.662143637746
256,256,256,25750.644006274422,23445.484106274424,27871.20910627443,29345.826106274428,28913.17570627443,29728.059706274435,33291.137006274424
257,257,257,21382.694380811663,39474.778380811666,26445.444180811653,26402.694780811653,26621.640280811655,32013.972280811664,39410.793880811645
258,258,258,36679.439825889625,46577.29132588963,40360.18852588962,40242.340225889624,45208.19742588962,58019.180825889634,58026.55342588964
259,259,259,51793.08748817003,79987.60768817003,55007.775488170024,58710.84278817002,71539.60958817003,71597.84288817002,71429.94198817002
260,260,260,79255.27141556959,86104.02731556958,85969.05551556958,97824.24391556959,97719.62851556958,97820.0400155696,97238.5750155696
261,261,261,83581.93553282165,72278.06153282164,100762.38353282165,100705.67363282164,100168.15053282164,100547.29233282166,100511.80043282163
262,262,262,69479.9767618845,73924.14836188451,82596.80036188448,81708.9936618845,82127.92976188449,83635.62996188451,81975.3209618845
263,263,263,69538.91152792325,68427.72802792327,70450.62092792327,70636.12652792325,71604.64612792325,71329.34102792325,70074.80762792326
264,264,264,64729.95311652463,58407.76301652462,66194.75981652462,66399.12151652462,66402.99571652462,66285.75591652463,66673.04721652462
265,265,265,55291.13566641824,64322.472366418224,57880.69306641823,57883.866366418224,57766.58406641823,56812.05556641825,58036.92536641823
266,266,266,60163.13917017059,53321.737970170594,62573.93437017058,62456.96317017058,62610.4904701706,61958.6486701706,61174.053770170576
267,267,267,50633.25942100899,47504.063021009,52706.60382100899,53094.641321008996,51711.261221009016,52573.21472100899,58099.441021009
268,268,268,44942.396845084484,53293.30364508447,47397.73474508448,46354.73774508448,45726.26454508449,52204.76784508448,68456.91504508449
269,269,269,51755.62911298062,41186.44171298061,53313.82711298062,52450.85891298062,59143.47451298061,75278.96661298061,74214.53351298062
270,270,270,39985.1877080259,50551.78680802591,40281.927808025896,46972.414308025895,63400.0409080259,62054.607008025894,62588.9307080259
271,271,271,49412.61003427373,52292.28313427375,57442.84143427375,73840.47743427375,72495.69193427375,73394.97063427375,73663.55863427374
272,272,272,48174.7207568725,62043.141556872506,73452.2438568725,73584.6500568725,72753.01375687249,74316.41065687251,74341.40045687249
273,273,273,60136.17893332163,75376.62993332163,78945.92803332164,80013.90963332164,79646.93073332166,79372.05853332164,80421.85743332164
274,274,274,73065.7805752926,85199.44447529259,78934.3955752926,78389.45607529259,78080.67097529261,78277.8172752926,79124.84557529261
275,275,275,83691.19405597406,92772.50305597407,89143.80655597405,92425.91405597406,92578.04545597405,92114.04025597406,93075.25305597407
276,276,276,92233.56663938383,114110.97873938382,97846.90873938384,95754.14633938383,96334.23553938382,96668.51973938382,95968.54223938384
277,277,277,115389.99438730525,124069.96268730523,118570.62658730525,117950.92988730525,117512.15478730525,116907.71268730523,115730.22638730524
278,278,278,122791.08005079563,112740.36525079561,122548.40095079562,122099.71215079562,122602.82205079563,120489.23655079561,114053.20545079562
279,279,279,109226.13586924475,100645.63806924474,109843.90996924473,111410.73746924475,110773.36486924475,104009.12166924475,99076.60426924474
280,280,280,97374.01196494949,108864.74826494948,101513.6095649495,99203.80276494948,91518.8002649495,87657.1696649495,87827.24286494948
281,281,281,106201.98091253004,100800.39791253002,109285.83551253003,102627.35011253002,98846.53921253004,98302.25861253004,98107.36821253004
282,282,282,96452.25151464345,92001.69741464344,89547.60851464343,85558.52781464344,85315.82491464344,85309.12131464346,85302.41051464346
283,283,283,88551.80340139051,80472.30760139051,79777.3039013905,78835.6867013905,78672.62210139049,78666.3956013905,78660.1621013905
284,284,284,77820.8213721941,75221.5283721941,74981.2931721941,74162.64707219409,74030.76327219408,74024.4953721941,74018.22067219409
285,285,285,72993.09557323322,68743.9070732332,73009.92647323322,72485.62497323322,72413.98147323322,72407.45467323322,72400.92087323322
286,286,286,66883.69002875427,74393.01512875425,67277.83762875426,67508.64702875426,67239.87452875427,66630.65192875426,67052.84762875424
287,287,287,71350.6843034743,59526.72790347431,73462.87270347429,72687.67280347431,73027.26400347431,72492.0997034743,72664.2760034743
288,288,288,57644.35025285432,62146.529952854326,59119.67565285432,58754.583652854315,59108.906552854314,59727.41685285431,57972.46085285433
289,289,289,59540.16442719278,60202.384327192776,60510.64842719278,60857.240327192776,60077.28612719277,60303.15132719277,59705.53112719279
290,290,290,57775.00016973101,63715.44936973101,59899.43366973099,58352.439069731015,60112.56086973101,59115.99656973101,59146.87416973099
291,291,291,60774.25521245161,54980.97731245162,62357.03121245162,63033.87441245162,61654.329712451625,61885.12311245162,63612.67331245162
292,292,292,51787.001847254665,54314.21804725466,54137.07174725467,52559.303947254666,52485.30014725466,52705.89954725467,53913.141947254684
293,293,293,50445.892307257396,51188.514207257394,52779.54030725741,52527.013207257405,52838.066107257415,54135.557507257385,52522.68010725739
294,294,294,48984.96774325735,61596.43314325737,49275.75094325736,49909.020743257366,49936.46754325734,49948.93604325736,49042.815243257355
295,295,295,57853.97657597897,57764.22277597897,60084.78907597897,60615.791775978956,59619.56907597897,60900.566875978955,59290.68117597897
296,296,296,53067.934511402214,43895.93701140222,56048.015411402215,55051.68151140222,56332.11701140221,54723.063811402215,54260.53081140222
297,297,297,40017.29978448441,40862.5967844844,41476.55358448441,43170.22898448439,41470.435384484386,40621.92848448441,43449.094284484396
298,298,298,38205.623446251775,43285.67874625178,40019.75964625178,39607.35674625177,38498.43854625178,40295.61214625179,37301.10414625176
299,299,299,40997.29376531407,46059.594765314076,43674.22386531407,47802.05336531406,50473.80176531407,47115.081865314074,41739.94456531407
300,300,300,43801.37611689039,47787.118316890366,49689.633616890365,55203.05311689038,51898.15151689037,46543.82291689036,65905.03661689039
301,301,301,46312.080253339984,55696.80825333999,58770.18785334,56419.69515334,51453.37915333998,69743.81865333999,69736.73395333998
302,302,302,60190.823184497975,71254.63208449798,66862.96628449796,61205.626084497984,78570.09088449797,78579.11568449799,77556.37058449798
303,303,303,77984.1463537407,80952.31275374071,72803.35935374071,90459.3080537407,89349.6224537407,89144.0104537407,88676.3473537407
304,304,304,80391.00926206382,84928.60706206383,94270.20046206382,91087.73416206382,89593.11306206383,89918.51366206382,89901.45486206382
305,305,305,78194.75422594511,79912.86802594514,93931.69192594512,91360.38892594514,91267.22882594513,91380.29172594512,93149.11102594512
306,306,306,73451.89784272411,84946.93234272412,69589.56514272411,67980.46844272412,68136.29154272412,70462.5754427241,77558.88334272412
307,307,307,82048.53223393872,81890.31053393873,80241.28883393874,79700.41283393872,81495.90233393872,88912.63173393873,88904.54223393873
308,308,308,76245.00723688515,71521.51893688516,76666.83783688514,79370.04303688514,87236.39783688514,86502.29323688515,86845.47643688515
309,309,309,66208.46433866667,70070.9893386667,70086.09243866667,77569.9605386667,77205.22023866669,76624.60283866667,77075.02073866667
310,310,310,67454.01957688824,65989.67287688825,79965.50247688824,79822.75007688825,79487.99397688822,79479.06207688822,79469.97847688824
311,311,311,58725.28118129255,73493.73548129256,69918.13558129256,69059.41688129256,69397.12688129256,69792.29708129255,69655.33758129255
312,312,312,62670.200757266764,62966.238757266765,73009.16175726677,73245.38535726677,73304.60865726678,72770.89125726676,72922.34555726677
313,313,313,48987.46214834333,70279.32494834333,59933.845048343326,59868.937748343335,59391.17274834332,59568.40884834333,59530.88744834333
314,314,314,55354.547636314164,55666.59733631417,66968.89873631416,66054.18273631418,66953.25133631418,66815.81663631416,65997.20333631417
315,315,315,40989.442661614536,60121.040261614544,51440.22996161453,52390.02666161454,51528.653861614555,51652.64696161455,51743.43086161453
316,316,316,44537.02104525134,43759.00104525132,55425.29914525134,55625.29984525134,56057.54304525134,54830.393845251325,55126.418345251324
317,317,317,29101.883889453078,52847.78408945308,41083.91698945308,41493.335189453064,39709.95258945308,40575.83578945309,40441.77158945307
318,318,318,36858.984944713724,32468.52404471372,48933.35164471374,48534.59314471374,48126.47994471372,49208.59314471374,48487.33924471373
319,319,319,18266.335620109865,32421.07532010987,29989.47152010986,29726.03852010987,30300.625220109854,30304.84962010986,30006.66722010987
320,320,320,18801.690164286265,34012.843764286285,30222.600464286283,30815.345764286292,31141.594564286293,30342.37516428629,30263.75256428629
321,321,321,21512.749488537636,33554.03248853763,33421.87168853765,34490.68578853764,34556.071388537646,34749.467988537624,35765.693688537634
322,322,322,23297.303390333138,44493.91819033312,36848.11669033312,36821.53769033312,37945.51259033312,37192.167890333134,37901.05749033313
323,323,323,30133.593926595087,29672.91302659508,43571.83502659507,43525.00352659507,43155.01742659509,43363.053426595085,43139.590826595086
324,324,324,18938.886774535174,36620.90937453517,30338.27777453515,31054.809374535165,31756.172874535172,31235.77537453515,30872.238674535154
325,325,325,24361.885199332697,36007.66789933271,36053.78389933272,40415.34529933272,40047.54779933271,40458.23349933271,40390.18599933272
326,326,326,22990.54143833401,31320.679238334007,40030.881938334,37568.23103833399,38136.36193833401,38137.07763833401,37715.28493833402
327,327,327,18244.206232286757,44456.52673228676,33422.050332286744,31831.37763228675,31822.383732286748,31813.23773228674,31808.773032286757
328,328,328,34043.946949385136,37640.55174938514,42990.168149385136,42027.79694938514,41883.49764938513,41953.22324938513,45256.96134938512
329,329,329,25291.16960530753,37952.60930530752,34179.92310530752,33424.39150530753,33320.620305307515,36746.64220530754,61885.130305307524
330,330,330,23389.080758795986,30499.676958795986,32921.221358796,32613.402058795997,36029.60965879599,61123.563858796,61084.649358795985
331,331,331,17355.44347241205,25769.81437241203,27546.84027241204,30843.815472412054,55978.11907241204,55939.31347241205,55899.468872412035
332,332,332,11358.99765212313,21345.763752123137,25826.22825212314,50654.617252123135,50548.55725212314,50508.58975212314,50467.64715212313
333,333,333,8114.356596873782,21192.438996873767,47966.725096873764,47596.8832968738,47520.152396873775,47479.25419687378,47437.44239687378
334,334,334,7318.038769790612,56009.6169697906,43995.95316979062,44057.39356979061,43765.9863697906,43111.8939697906,43488.4802697906
335,335,335,41946.351201882324,52248.54970188232,54388.984001882345,53982.128201882355,53371.215401882335,53793.663101882325,54152.08420188233
336,336,336,39384.73354966985,43758.94324966986,50929.68754966985,51216.292849669844,50676.117449669866,51094.198749669886,51162.016749669856
337,337,337,28997.976047531993,38417.857247531996,40840.65844753198,40959.64924753198,40278.642947532004,40142.93434753199,40749.775847532
338,338,338,23140.893114158185,36588.216614158184,35194.243614158186,35633.672314158175,35566.30501415819,35115.77161415818,40685.01351415817
339,339,339,23763.260305032745,35627.67730503273,36025.548105032736,36181.41440503273,35331.75860503275,40357.20940503274,63113.46080503272
340,340,340,22319.393538808858,38276.77043880886,35484.13053880885,34554.15893880889,40241.46163880886,63022.654938808846,63650.19283880887
341,341,341,26546.020141905785,44969.80084190579,38474.70144190578,43985.80514190576,67751.40804190579,67793.5669419058,68934.5681419058
342,342,342,32178.499549122324,32931.819849122345,49038.01054912235,72796.93244912234,74306.10734912235,73686.38814912233,74629.13354912234
343,343,343,21216.83069310247,41292.76199310247,61891.79569310247,63599.48739310246,64568.90499310248,63604.784193102474,63312.78569310249
344,344,344,28069.477330318856,61095.74583031886,65062.55623031885,65633.07763031885,65143.21273031886,63583.435030318855,65397.09613031885
345,345,345,39517.98725336138,59013.892353361385,62737.1242533614,62274.050653361395,61049.49485336139,62360.58835336138,62070.61535336138
346,346,346,37119.39515412669,57666.14085412669,58284.68325412669,57888.52365412668,58782.32345412669,59096.89465412669,57507.93815412669
347,347,347,37821.55534428687,64031.970244286844,58147.79794428687,64336.10064428687,65825.92154428686,65085.289944286866,64628.36904428687
348,348,348,43130.507563895226,71302.53076389522,70113.21916389524,72460.21746389524,72194.24066389524,71503.73826389524,71843.96796389524
349,349,349,51395.405939187505,76365.8132391875,82238.85893918748,79710.7943391875,80271.58013918748,80753.4628391875,81300.40363918748
350,350,350,56115.06793918749,79834.6956391875,78044.87053918751,76800.21623918749,77369.16723918749,78014.7907391875,78681.5009391875
351,351,351,60433.858539187495,76361.1600391875,77961.32783918749,77691.3685391875,78035.96013918749,78791.8537391875,78011.13643918751
352,352,352,54449.6686391875,71176.6539391875,73853.18323918749,73513.0302391875,73096.2660391875,72426.1369391875,71763.1522391875
353,353,353,49494.3825391875,68811.72663918749,69742.0204391875,68590.90073918749,67860.9903391875,66443.6596391875,66491.7251391875
354,354,354,46756.59413918751,67296.48153918749,66439.10093918751,64480.3182391875,63536.31193918749,63831.14253918751,64187.76223918749
355,355,355,45326.1104391875,63517.55263918752,63632.85823918751,62498.0909391875,61961.12983918749,62526.789939187496,62861.37373918749
356,356,356,41576.5314391875,60463.62123918749,59826.8176391875,59070.1680391875,59609.867739187495,59942.722539187496,60167.74933918749
357,357,357,38898.8262391875,59443.20523918749,58372.21233918751,58747.0908391875,59032.8899391875,58943.69543918749,58597.14993918751
358,358,358,37131.867539187486,51437.93133918749,58057.4848391875,58355.2746391875,58003.55303918751,57359.02923918751,57745.02243918751
359,359,359,30567.474539187504,57482.7318391875,52423.79083918751,51650.301739187504,51923.9915391875,52035.45253918751,48979.94293918749
360,360,360,35144.86523918749,59891.487839187495,55829.22063918752,56116.95323918751,55538.9866391875,53623.27323918749,50252.3433391875
361,361,361,39233.39993918751,60493.6668391875,59976.291539187485,59454.896539187495,57563.18483918751,54141.16843918749,63417.926939187484
362,362,362,40473.24133918749,70181.8439391875,61450.38153918751,59468.00423918749,56041.49573918749,65299.23083918751,65581.72793918749
363,363,363,49392.3990391875,63406.55743918751,68062.4590391875,66316.6797391875,76157.69953918751,76452.91653918748,75858.8048391875
364,364,364,43450.5577391875,67095.9150391875,60862.39393918749,72174.5081391875,72460.0914391875,71868.40783918751,69382.5307391875
